architecture,pkg_repository,max_package_depth,class_service,import_data,controller,springboot_app,class_repository,import_web,pkg_domain,total_java_files,configuration,pkg_infrastructure,pkg_usecase,import_stereotype,pkg_service,has_app_config,repo_name,repository,service,import_jpa,pkg_controller,class_config,import_boot,pkg_application,component,class_controller
clean,,9,,0,1,1,,2,,10,1,,3,0,,1,29-nov-java-spring-boot-clean-architecture,0,0,0,1,1,5,3,0,1
clean,,10,2,0,1,1,,1,,9,0,,,3,3,1,3.spring-boot-rest-crud,1,2,0,1,,3,2,1,1
clean,2,12,,4,2,1,,2,26,40,1,,19,1,,1,AccountManager,1,0,6,,1,3,2,1,
clean,4,10,2,3,2,1,,12,7,26,4,16,,2,4,1,actuator-cleanArchitecture-spring,2,0,0,2,4,5,2,0,2
clean,2,11,,10,2,1,1,4,1,30,1,9,14,3,,1,Agenda-Clean-Architecture,0,0,0,1,1,3,2,3,1
clean,,8,,0,1,1,,3,,8,1,,,3,,1,ai-agent-spring-boot-angular,0,1,0,1,,3,2,3,1
clean,16,15,1,5,3,1,8,14,,77,5,,12,5,1,1,airline-booking,4,1,4,,5,9,1,0,
clean,,8,4,0,1,1,,1,1,13,0,3,,4,13,,AlarmService,0,0,0,2,,2,7,4,2
clean,3,12,12,46,7,2,2,48,34,96,6,,18,25,17,1,AngularAndSpring,0,15,0,8,7,14,3,13,8
clean,13,11,2,12,3,1,5,5,16,41,2,,3,10,2,1,AngularAndSpringWithMaps,4,1,0,4,4,8,2,3,4
clean,,7,,0,0,0,,0,,50,0,,,0,,,APC,0,0,0,,,0,,0,
clean,4,9,,1,1,1,1,1,4,12,0,,1,2,,1,api-alunos-spring-boot-clean-architecture,1,0,1,1,,5,,1,1
clean,6,13,,5,2,2,1,9,16,35,3,16,9,4,3,,api-clean-architecture-inventario,1,0,4,2,3,5,5,5,2
clean,2,10,,1,1,1,1,2,1,15,1,8,2,1,,1,api-demo-clean-architecture,1,0,0,4,1,3,5,0,1
clean,,13,,0,2,1,,8,7,29,0,,6,3,,1,api-spring-boot-clean-architecture,0,0,0,11,,3,1,3,2
clean,,12,2,6,5,1,,14,10,61,1,,10,16,13,1,appointments-clean,6,5,12,6,1,15,4,3,6
clean,7,11,5,7,5,1,,10,,60,1,,,7,12,,apptly-backend-springboot,0,4,0,4,1,3,2,3,4
clean,3,10,3,1,5,1,1,22,3,41,3,,6,8,5,1,archetype-java,1,6,0,4,3,3,10,1,3
clean,2,9,2,5,1,1,,2,2,11,5,2,,3,2,,Architecture-Patterns,1,2,0,1,2,6,4,0,1
clean,7,12,2,1,4,1,2,10,3,45,2,,10,5,2,1,archive-clean-architecture-spring-boot,1,2,0,9,2,4,2,1,2
clean,1,9,2,1,4,1,,15,6,24,3,,,3,2,1,auth-api,0,1,0,2,3,3,2,2,2
clean,13,11,8,12,7,1,3,14,40,139,10,58,21,6,15,1,auth-gateway,0,2,0,9,14,7,41,4,9
clean,,9,4,0,1,1,,4,,10,2,2,1,3,10,1,aws-email-sender-api,0,2,0,1,1,4,3,1,1
clean,1,12,,0,1,1,,4,4,11,2,,2,3,2,,aws-s3-presigned-url,0,1,0,1,1,4,2,2,1
clean,17,12,8,13,2,1,,7,21,51,6,24,6,9,14,,Backend-Bank-Accounts,3,5,0,,4,6,6,2,
clean,3,8,4,3,6,1,,14,,37,2,,,7,4,1,backend-taskmaster,0,4,0,5,2,3,2,3,5
clean,1,9,1,1,1,1,,1,,9,0,,,2,2,1,BankingApplication,1,1,0,1,,3,9,0,1
clean,4,8,4,9,4,1,,29,,18,0,,,4,4,1,Banking_Ops_Springboot,0,4,0,4,,3,18,0,4
clean,,12,,0,1,1,,3,,11,1,,4,1,,1,BankKataJavaSpringCleanArchitecture,0,0,0,1,2,4,2,1,1
clean,3,9,3,5,3,1,,13,,37,1,,,8,6,1,base-project,3,4,0,3,1,3,2,1,3
clean,30,13,,34,3,1,4,6,11,44,3,30,4,6,3,,bk-spring-boot-clean-architecture,3,3,8,1,3,2,3,2,1
clean,4,9,3,5,4,1,,9,10,28,1,,,7,5,1,Blog-Platform,4,3,0,3,1,3,2,0,3
clean,5,10,1,3,3,1,1,5,7,22,1,,,3,1,1,blog-spring-boot-sample,1,0,6,4,,3,2,1,4
clean,1,8,1,4,1,1,,1,,7,0,,,2,2,1,BLOG_APP-BASIC-BACKEND-SPRINGBOOT,1,1,0,1,,3,2,0,1
clean,,11,,0,1,1,,6,11,20,1,1,3,1,,1,blood-bank-demo,0,0,0,1,,5,5,1,1
clean,1,12,,1,1,1,,3,2,8,0,,1,2,,1,Boiler-Java-Clean-Architecture,1,1,0,1,,3,5,0,1
clean,3,10,,1,2,1,1,3,4,16,1,6,3,1,,1,boilerplate_java_spring,1,0,0,1,1,3,6,0,1
clean,1,8,1,1,2,1,,4,,9,0,,,1,1,1,book-management-api,0,1,0,3,,2,1,0,1
clean,1,8,,1,1,1,,1,,5,0,,,1,,1,Book-Manager-SpringBoot,1,0,0,1,,3,2,0,1
clean,8,10,9,33,5,1,,10,,113,2,,,37,18,1,book-recommendation-system,8,9,16,10,2,3,2,20,9
clean,,8,1,10,6,1,,21,,12,0,,,2,1,1,bookstore-api,1,1,0,6,,3,2,0,3
clean,1,10,1,1,1,1,,4,,6,0,,,4,1,1,boot-cart,1,1,0,1,,3,2,0,1
clean,4,11,5,5,4,1,,10,3,32,2,,4,9,7,1,bp-archunit-examples,0,7,15,4,2,3,3,0,4
clean,4,12,,2,1,1,2,3,2,25,5,,7,3,,1,btclean-api,1,1,1,3,4,11,2,2,3
clean,4,8,1,4,2,1,,4,,17,0,,,5,1,1,Buy-Now-Pay-Later-Backend,4,1,0,2,,3,5,0,2
clean,6,10,6,3,6,1,2,17,10,53,8,13,,16,9,1,CalorieCompass-JavaSpringBoot-Clean-Architecture,2,6,0,5,8,7,16,4,5
clean,3,8,3,4,3,1,,4,,23,0,,3,3,3,1,CampanhaSocioTorcedor,0,3,3,3,,8,1,0,3
clean,4,10,8,23,5,1,,14,,40,2,,,8,40,,Car-Service-Project,0,6,0,4,2,3,2,2,4
clean,2,11,3,4,0,1,1,0,3,13,2,4,1,1,4,1,casbbase,0,1,0,1,2,3,3,0,1
clean,6,11,1,0,5,1,2,12,23,89,0,,35,26,16,1,clArc_Java-todoAPI,0,26,0,7,,3,16,0,4
clean,2,11,4,2,4,1,,15,,45,3,,14,10,8,,clean-arch,2,4,21,6,3,10,4,4,4
clean,4,11,1,1,1,1,1,6,,29,2,,4,0,2,1,clean-architecture,0,0,7,2,2,2,1,0,1
clean,1,12,,1,2,1,,5,7,40,3,18,9,4,,1,clean-architecture-101,3,1,3,7,2,2,15,1,1
clean,4,9,,2,3,1,,5,4,20,0,,4,4,,1,Clean-Architecture-and-SOLID-study,2,2,0,2,,3,6,0,2
clean,,7,,0,0,1,,0,,2,0,,,0,,1,clean-architecture-boot,0,0,0,,,3,2,0,
clean,8,10,,0,2,1,5,2,32,87,1,,8,14,8,,clean-architecture-branas-18,0,15,0,2,2,14,37,0,2
clean,4,9,,1,1,1,1,1,,12,0,,1,3,,1,clean-architecture-com-maven-e-spring-boot,2,0,1,1,,5,,1,1
clean,,8,,0,0,1,,0,,5,0,,,0,,1,clean-architecture-crud-scaffolding,0,0,0,,,5,2,0,
clean,25,10,1,8,8,1,15,35,13,148,13,,62,17,1,,clean-architecture-delivery-example,5,4,52,11,12,43,1,11,11
clean,1,11,,9,1,1,,1,2,22,0,8,9,1,,1,clean-architecture-demo,0,0,0,2,,5,2,1,2
clean,8,11,,0,2,1,4,5,,34,1,,9,0,,,clean-architecture-example,0,0,7,7,4,2,13,0,6
clean,2,11,,3,5,1,1,25,,62,3,,15,1,,1,clean-architecture-example-java-spring-boot,0,0,3,,3,9,13,1,
clean,8,10,2,2,2,1,2,2,10,27,1,7,2,4,2,1,clean-architecture-example-shop-spring-boot,2,2,0,2,1,3,4,0,2
clean,2,13,,3,9,1,,17,51,95,1,,8,1,,1,clean-architecture-example-spring-boot,0,0,8,11,1,5,3,2,8
clean,1,12,2,1,1,1,,5,1,22,0,,1,6,2,1,clean-architecture-example-spring-rest-api,0,2,4,1,,2,11,4,1
clean,1,11,3,1,3,1,,7,9,20,2,,,6,3,1,clean-architecture-java,0,4,0,2,2,5,2,1,2
clean,4,12,,1,2,2,2,4,7,55,3,,17,4,,1,clean-architecture-java-example,0,1,2,4,7,15,2,4,4
clean,3,14,1,21,8,5,,21,29,164,17,,,6,164,1,Clean-Architecture-Microservices,1,1,0,9,17,16,71,3,9
clean,2,11,3,4,1,1,,3,6,38,2,,2,5,6,1,clean-architecture-practice,0,0,10,2,2,11,14,5,2
clean,4,10,,3,1,1,,3,2,34,0,,8,6,,1,clean-architecture-pratice,1,0,0,5,,3,2,5,1
clean,2,12,2,1,2,1,,11,1,26,0,,1,5,2,1,clean-architecture-project-structure,1,1,0,2,,9,5,3,2
clean,,9,,0,0,1,,0,,2,0,,,0,,,clean-architecture-sample,0,0,0,,,3,2,0,
clean,,7,,0,0,1,,0,,2,0,,,0,,1,clean-architecture-sboot,0,0,0,,,3,2,0,
clean,,13,1,0,1,1,,3,,11,0,,,2,11,1,clean-architecture-services-library,0,1,0,2,,4,2,1,2
clean,3,11,,2,2,1,1,14,3,29,2,2,10,7,,1,clean-architecture-spring,1,5,0,1,2,3,16,1,1
clean,1,11,4,1,2,1,,5,3,25,0,,1,4,4,1,clean-architecture-spring-boot,0,2,1,3,,6,10,2,3
clean,,18,,0,0,1,,0,,2,0,,,0,,1,clean-architecture-spring-boot-app,0,0,0,,,2,2,0,
clean,3,10,,0,2,1,2,11,8,18,1,,,2,,1,clean-architecture-spring-boot-gradle,1,1,0,1,1,3,2,0,
clean,6,10,4,2,2,1,2,2,2,18,1,8,,5,4,1,Clean-architecture-spring-boot-java-junit-test-project,2,0,0,2,1,2,7,2,2
clean,3,11,,1,1,1,1,1,1,18,1,3,6,2,,1,clean-architecture-spring-boot-template,1,0,4,1,1,3,8,1,1
clean,2,10,2,0,1,1,1,4,4,13,0,2,,1,2,1,clean-architecture-spring-sample,1,0,0,1,,3,7,0,1
clean,3,9,,1,1,1,1,1,2,11,1,3,2,2,,1,Clean-Architecture-SpringBoot,2,0,0,1,1,3,2,0,1
clean,3,10,1,2,2,1,1,4,13,30,2,6,2,3,1,1,clean-architecture-template,0,1,0,1,2,6,5,2,1
clean,3,9,,2,2,1,1,4,3,22,2,,7,2,,1,clean-architecture-with-spring-boot,1,1,1,2,1,3,2,0,1
clean,1,9,1,2,2,1,,14,,22,10,,,5,1,1,clean-spring-boot-architecture,1,1,0,2,6,10,,4,2
clean,4,12,7,6,9,1,2,32,15,63,2,,,8,11,1,clean-spring-boot-project,0,5,0,5,2,14,2,3,5
clean,2,9,,3,1,1,1,4,1,14,1,8,1,0,,1,cleanarc,0,0,0,4,1,3,4,0,1
clean,4,11,,4,1,1,,3,2,45,5,,8,10,,1,CleanArch,1,0,0,5,6,3,2,8,1
clean,4,11,,4,1,1,2,3,6,29,6,6,4,3,,1,cleanarchitecture,0,0,0,2,1,5,2,3,2
clean,5,11,2,3,2,1,2,13,,26,2,2,,6,3,1,CleanArchitecture.Java,2,2,16,4,1,13,3,2,4
clean,2,9,1,0,1,1,1,0,2,14,1,3,,1,2,1,cleanarchitecturedemo,0,0,0,1,1,3,8,0,1
clean,,11,8,0,3,1,,25,14,54,2,,5,6,12,1,cleanArchitectureFQ,0,2,0,12,4,15,2,5,10
clean,9,15,,22,3,1,3,8,7,44,0,10,6,1,,1,CleanArchitectureSpringBoot,0,1,0,3,,5,22,0,3
clean,1,10,,1,1,1,,4,,15,3,,,0,,1,CleanArchitectureWebDemo,0,0,1,1,1,4,2,0,1
clean,,13,,0,2,1,,7,,69,0,,5,7,1,1,CleanArhitectureWithAndroidAndSpringBoot,3,4,12,4,,7,60,0,4
clean,5,11,44,7,5,1,,14,81,132,5,5,,10,46,,cleancards,5,5,5,,5,3,2,0,
clean,3,11,2,5,4,1,,10,16,65,1,,21,16,3,1,CleanCommerceJava,3,9,0,3,1,3,26,4,3
clean,2,9,,1,1,1,1,4,1,15,1,8,1,0,,1,cleanva,0,0,0,1,1,3,5,0,1
clean,2,14,,2,8,1,,28,,120,0,49,108,17,,1,clean_arch-demo-todo_in_spring,1,0,13,8,,3,2,18,8
clean,2,9,,1,1,1,1,4,1,14,1,8,1,1,,1,clean_architecture,1,0,0,4,1,3,4,0,1
clean,,8,1,1,1,1,,9,2,15,0,5,1,5,1,1,clean_architecture_spring_boot,0,3,2,1,2,3,5,2,1
clean,2,11,,1,1,1,1,6,1,11,1,4,2,1,,1,Clean_Arch_With_Spring,0,0,0,1,1,3,6,0,1
clean,3,12,,2,1,1,1,4,,19,2,,9,0,,,Clearn-Architecture-Demo,0,0,1,,2,4,1,0,
clean,6,12,2,0,3,1,4,5,2,31,3,,2,4,2,1,cloud-notes,4,0,0,3,3,4,3,0,3
clean,2,9,3,1,3,1,1,4,,16,0,,,2,4,1,Cloud-Vendor,0,1,4,3,,19,2,0,3
clean,1,7,,1,2,1,,2,,18,1,,,2,,1,coffee-order-spring,1,0,0,1,1,4,2,1,1
clean,14,10,8,2,5,1,4,9,17,75,1,29,5,20,8,1,Commercia-360-API,4,4,0,6,1,5,28,12,5
clean,1,10,,2,6,1,,20,,20,0,,6,7,,1,contact-list-clean-arch,0,6,1,6,,3,2,1,6
clean,8,11,10,47,3,1,2,7,11,65,6,25,2,18,11,1,copilot-demo-spring-taskmanager,6,6,0,3,6,11,20,6,3
clean,1,9,4,1,1,1,,8,,9,0,,,4,9,1,country-service-app,0,2,0,2,,3,2,2,1
clean,4,12,,2,2,1,1,7,15,40,4,6,2,3,1,1,course-clean-arch,1,1,0,1,4,3,5,1,1
clean,3,8,3,13,3,1,,3,,20,0,,,6,6,1,course-management-system,3,3,0,3,,3,2,0,3
clean,,11,,1,2,1,,3,5,27,0,,1,1,,1,covid-combat_clean-arch,0,1,10,2,,2,,0,1
clean,3,10,,1,2,1,1,4,2,23,2,7,,8,,1,cqrs-clean-architecture-mapstruct-jpa,1,5,0,1,2,4,9,2,1
clean,4,11,2,2,3,1,,11,15,60,2,,,9,8,1,cqrs-customer,0,9,0,3,2,5,11,0,3
clean,1,14,1,0,0,1,,24,8,49,12,36,6,10,7,,cred-reportes-svc,1,0,0,,12,6,5,11,
clean,1,7,1,5,3,1,,7,,8,0,,,1,1,1,crud-spring-boot,0,1,0,1,,3,2,0,1
clean,,7,,0,0,1,,0,,2,0,,,0,,1,CRUDCleanArchitecture,0,0,0,,,3,2,0,
clean,7,12,,5,1,1,1,2,3,14,3,8,2,2,3,,crudCleanArchitectureImperactive,1,0,1,,3,2,3,3,
clean,2,12,1,4,1,1,,1,3,11,2,6,2,1,3,,crudCleanArchitectureReactive,1,0,1,,2,2,2,2,
clean,2,11,,2,0,1,1,0,18,53,2,10,20,1,,1,curso-clean-architecture-spring-boot,0,1,0,,2,3,27,3,
clean,2,9,,0,3,1,2,7,3,15,0,,,3,,1,DataParser,0,0,0,4,,5,2,0,4
clean,100,15,60,33,32,20,45,167,459,1686,31,117,14,130,111,1,ddd-examples,12,38,90,25,39,144,165,80,25
clean,4,12,,5,0,1,,0,21,41,1,,,4,1,1,ddd-spring-sample,0,0,7,3,1,4,10,5,3
clean,2,11,,3,1,1,,3,2,45,6,,8,8,,1,DescomplicandoCleanArchitectureSeptember2024,1,0,0,5,6,3,2,7,1
clean,,10,,0,2,1,,4,,15,0,1,1,2,1,1,DevSecOps,0,0,0,2,,4,1,2,
clean,4,9,,0,1,2,2,1,,21,0,,,2,,1,Distributed-SpringBoot-CleanArchitecture,0,0,0,,,6,17,2,
clean,4,11,,0,1,2,2,1,,21,0,4,,2,15,1,Distributed-SpringBoot-CleanArchitecture-modules,0,0,0,,,6,11,2,
clean,,10,,0,0,0,,0,17,17,0,,,0,6,,domain-driven-design,0,0,0,,,0,2,0,
clean,1,10,1,7,2,1,,8,,16,1,,,4,3,1,dscatalog,1,1,1,5,1,3,2,2,2
clean,,8,2,0,1,1,,9,,10,3,,,2,2,1,DynamicPDFGenerator,0,1,0,1,3,2,1,2,1
clean,,8,1,2,1,1,,3,,6,0,,,2,1,1,E-Com-Project-Backend-using-SpringBoot,1,1,0,1,,3,2,0,1
clean,46,11,20,98,18,1,15,29,90,427,12,52,92,83,27,1,E-commerce,25,47,0,25,13,47,3,11,25
clean,5,10,21,5,11,6,,31,,94,4,,,6,94,1,E-Commerce-Platform,0,6,0,11,4,18,12,0,11
clean,,8,,0,0,1,,0,,2,0,,,0,,1,ecom-springboot,0,0,0,,,3,2,0,
clean,8,11,4,17,3,1,3,4,26,47,2,3,7,11,10,1,ecommerce,3,0,0,2,2,3,8,8,2
clean,3,8,6,3,4,1,,9,,36,2,,,6,8,,ecommerce-backend,0,5,0,3,2,3,2,1,3
clean,1,9,1,5,2,1,,4,,18,0,,,1,3,1,ecommerce-java-spring,0,1,0,2,,3,2,0,2
clean,3,11,,1,2,1,1,4,2,22,1,7,5,8,,1,ecommerce-simple-spring,1,5,0,1,1,2,6,2,1
clean,4,10,5,24,5,1,,8,,51,3,,,13,10,1,ECommerceAPI,4,5,0,4,3,4,2,3,4
clean,3,8,4,3,4,1,,8,,19,1,,,9,4,1,ECommerceAPI-SpringBoot,3,4,0,4,1,3,2,2,4
clean,5,11,4,1,2,1,3,10,4,36,2,15,4,7,4,1,eleve-challenge-exchange,1,4,0,2,4,11,12,2,2
clean,,9,4,0,1,1,,4,,11,2,,1,2,11,,email-microservice-spring-boot,0,2,0,1,2,3,3,0,1
clean,,10,4,0,1,1,,1,,10,1,,1,2,10,,email-service-AWS,0,2,0,1,1,3,3,1,1
clean,1,7,1,1,1,1,,10,,10,0,,,1,2,1,Employee-Management-Backend,0,1,0,1,,3,2,0,1
clean,1,10,1,1,1,1,,1,,10,0,,,1,2,1,Employee-Management-System-Spring-Boot-Rest-API,0,1,0,1,,3,2,0,1
clean,1,9,1,1,1,1,,2,,10,0,,,1,2,1,Employee-Management-System-with-Spring-Boot,0,1,0,1,,3,2,0,1
clean,2,8,4,2,4,1,,6,,25,1,,,8,6,1,employee-payroll-app,1,4,0,2,1,2,1,2,2
clean,,10,1,16,2,1,,4,,43,1,,,8,3,1,employee-state-machine,1,2,10,3,1,3,2,5,2
clean,1,12,1,1,2,1,,3,,12,1,,,3,2,1,EmployeeManagement,1,1,0,1,1,3,2,0,1
clean,1,8,2,4,4,1,,9,,14,1,,,3,3,1,EmployeeManagementApplication,0,1,0,4,1,5,14,0,4
clean,1,9,2,1,1,1,,1,,10,1,,,1,2,1,Energy-Monitoring-System,0,3,0,1,2,6,3,0,1
clean,8,12,,2,2,1,4,6,14,25,1,,3,2,,1,entregaCleanArchitecture,2,0,5,,1,3,3,0,
clean,12,12,,4,5,1,4,6,7,58,4,,12,6,,1,estudo-gerenciador-usuario,0,0,0,5,4,3,18,5,4
clean,2,9,,1,2,1,1,3,,27,1,,9,4,,1,event-api,0,1,0,1,1,3,2,3,1
clean,2,10,,1,2,1,1,3,,24,1,,7,2,,1,event-api-clean-architecture,0,0,0,2,1,3,2,1,2
clean,2,8,3,2,3,1,,12,,23,1,,,4,3,,expense-tracker,0,3,0,2,1,3,2,1,2
clean,2,8,1,2,3,1,,11,,13,0,,,4,1,1,expense-tracker-api,2,1,0,3,,3,2,0,3
clean,5,11,11,15,14,6,,74,,149,12,,,24,20,1,expensetracker,5,10,0,9,14,20,12,9,9
clean,2,11,3,4,3,1,,6,,19,0,,,5,6,1,ExpenseTracker-API-Java,2,3,0,3,,3,2,0,3
clean,9,11,,6,3,1,,10,2,67,1,,14,22,,,facilities-helper,0,0,0,25,2,3,2,22,2
clean,2,8,2,12,3,1,,12,5,14,1,,2,4,2,1,Facilities-Management-JavaSpringBoot-BackEnd,2,2,0,2,1,3,2,0,2
clean,,12,,0,0,0,,0,18,25,0,2,5,0,,,fc3-catalog-admin,0,0,0,,,0,5,0,
clean,,9,2,0,2,1,,3,,14,2,,,3,4,1,File-Similarity-Analyzer,0,2,0,1,1,4,3,1,1
clean,1,13,,14,0,1,,6,10,48,14,35,4,8,3,,fluxifyuserverse,3,2,0,,7,8,3,5,
clean,3,18,3,3,3,1,1,12,23,38,3,,,7,15,1,food-delivery-system,2,1,0,1,2,4,11,4,1
clean,1,9,3,9,3,1,,7,,16,1,,,4,3,1,Food-Delivery-System-Springboot,1,3,0,2,1,3,2,0,1
clean,3,18,2,0,0,0,,0,50,54,0,,,7,40,,food-order-system,0,3,0,,,0,21,4,
clean,,13,,0,0,0,,0,21,23,0,,,1,10,,Food-Ordering-Backend-System,0,0,0,,,0,1,1,
clean,37,19,16,16,5,5,13,17,148,258,21,26,,84,211,1,food-ordering-system,12,7,23,2,15,23,85,65,2
clean,3,16,2,0,3,0,,9,58,82,1,16,,9,31,,food-system-example-ms,0,1,0,1,2,2,8,8,1
clean,6,8,6,15,5,1,,10,,51,1,,,12,6,1,Football_Stats_API_v2,6,6,0,4,,4,1,0,4
clean,6,11,6,61,7,1,,17,,91,1,,,26,27,1,forum-rest-api,0,5,0,6,2,4,2,19,6
clean,10,13,6,19,4,1,3,9,16,47,3,20,3,10,6,1,franchise-management-api,3,3,0,6,3,9,11,4,6
clean,12,12,,22,1,1,6,13,17,57,8,36,7,8,4,,franchises-proyect,6,0,0,,6,8,4,4,
clean,3,10,18,0,17,0,,0,,79,2,,,0,79,,fullstack-projects,0,18,0,17,2,0,,1,17
clean,7,9,7,11,8,1,,14,,40,2,,,9,7,1,FullStackBlogApp,0,7,0,8,2,3,2,2,8
clean,2,9,2,5,2,1,,7,,18,1,,,2,2,1,game-list-api,0,2,0,2,1,3,2,0,2
clean,2,10,1,4,2,1,,8,,17,0,,,3,1,1,gerenciador-de-pessoas,2,1,2,1,,3,2,0,1
clean,10,11,,8,3,1,6,20,1,75,6,,17,5,,,github-database-api,2,1,19,5,5,20,1,4,5
clean,6,9,3,3,3,1,,12,,17,0,,,7,3,1,Good-Reads-Advanced,4,3,0,3,,3,2,0,3
clean,1,8,,3,1,1,,0,,12,0,,,2,,1,graph-ql-fundamentals,0,0,0,2,,6,1,1,2
clean,1,8,1,1,1,1,,0,,7,0,,,3,1,1,graphql-crud-surge,1,1,0,1,,3,2,0,
clean,4,11,,2,2,1,,2,4,25,1,,5,6,,1,habitTracker,2,0,0,2,1,3,2,4,2
clean,5,10,7,65,7,1,,11,16,69,4,,,19,12,1,HBookStore,5,7,0,6,3,5,2,7,6
clean,4,11,2,2,1,1,2,1,3,15,0,6,,2,2,1,hex-spring-modular,0,1,0,2,1,12,2,2,2
clean,2,11,,4,1,1,,3,11,43,2,,2,5,4,1,hexagon-transmon,0,4,0,2,3,16,4,5,2
clean,1,9,1,1,1,1,,1,4,16,1,,1,3,1,1,hexagonal-architecture,1,1,1,1,1,6,6,1,1
clean,1,11,,2,1,1,,1,6,14,1,3,2,3,,1,hexagonal-architecture-clean-arch,1,0,0,1,1,4,2,2,1
clean,3,13,1,2,1,1,1,1,1,13,0,,4,2,1,1,hexagonal-architecture-clientes-api,1,1,0,1,,3,8,0,1
clean,4,13,2,1,2,1,2,11,7,31,0,13,1,6,3,1,hexagonal-architecture-demo,1,1,0,3,,7,11,4,3
clean,1,12,3,1,2,1,,8,1,14,0,,,3,14,1,hexagonal-architecture-pizza,2,1,0,1,,3,5,0,1
clean,6,12,5,6,4,1,,9,1,130,4,,28,44,10,1,Hibernate-M1,3,5,0,3,4,4,31,38,3
clean,12,13,4,4,4,1,4,11,24,99,4,14,19,10,4,1,homeowners-association-demo,4,2,0,4,4,13,38,4,4
clean,12,9,13,42,13,1,,117,,134,2,,,25,24,1,hospital-management-app,11,13,0,12,2,3,3,1,12
clean,3,9,6,3,3,1,,5,,26,0,,,6,9,1,Hotel-Management-System-Spring-Boot,3,3,0,6,,3,1,0,6
clean,1,11,3,1,1,1,,2,,24,2,7,,6,3,,house-of-chaos-main,1,3,0,1,2,3,2,2,1
clean,9,11,33,87,11,1,,14,,183,2,,,31,48,1,hr-management-system,9,17,0,10,2,4,2,5,10
clean,2,11,1,1,1,1,,4,2,8,1,,,2,8,1,hrm,1,1,0,1,1,3,3,0,1
clean,1,11,,1,1,1,,4,,12,1,,3,1,,1,huongdanjava-clean-architecture-spring-boot-archetype,1,0,0,1,1,2,1,0,1
clean,5,9,,0,0,1,,0,4,32,0,,19,0,,1,IntegradorMascotas,0,0,2,,,3,2,0,
clean,8,17,3,7,4,2,3,13,42,118,3,17,17,31,8,1,IS2,5,24,0,8,3,8,47,3,4
clean,3,10,1,10,2,1,1,10,5,29,2,9,2,3,1,1,java-boot-template,1,1,9,3,8,15,1,5,3
clean,3,11,2,1,2,1,1,3,3,19,1,,2,2,19,1,java-clean,0,0,0,7,1,3,2,2,2
clean,3,12,,1,1,1,1,8,4,21,1,,5,0,,,java-clean-arch,0,0,0,1,1,3,11,0,1
clean,1,10,,2,4,2,,13,,34,3,,10,2,,1,java-clean-arch-example,1,0,4,7,1,5,10,2,4
clean,2,10,,0,1,1,1,1,11,22,0,,3,2,,1,java-clean-architecture,0,1,0,1,,3,2,1,1
clean,13,12,2,8,3,1,3,4,15,33,2,,7,3,2,1,java-clean-architecture-example,3,0,3,,2,3,4,0,
clean,1,7,1,1,1,1,,2,,8,0,,,1,2,,Java-human-resources-app,0,1,0,1,,3,2,0,1
clean,6,11,4,15,5,1,2,12,4,77,13,39,,15,77,,java-service-template-clean-architecture,3,0,0,14,10,8,2,11,8
clean,1,14,2,1,1,1,,1,4,20,1,,,4,3,1,java-spring-boot,0,2,5,1,1,3,14,2,1
clean,9,11,3,18,1,1,3,5,4,49,5,9,4,5,4,1,java-spring-clean-ddd-template,0,1,0,,5,4,10,4,
clean,1,7,,0,0,1,,0,1,4,0,,,0,,1,java-spring-simple-blog,0,0,0,,,3,2,0,
clean,1,9,2,3,1,1,,7,3,17,1,,1,0,17,1,java-spring3-microservice,0,0,0,2,2,7,5,1,2
clean,1,9,2,7,1,1,,7,3,17,1,,1,0,17,1,java-spring3-microservice-mongo,0,0,0,2,2,7,5,1,2
clean,,8,,0,0,1,,0,,2,0,,,0,,1,java-springboot-clean-arch,0,0,0,,,3,2,0,
clean,,16,2,0,3,1,,9,2,18,2,,,0,18,1,java-springboot-reactive-hexagonal-monomodule-template,0,0,0,7,6,12,2,0,6
clean,,6,,0,0,0,,0,,10,0,,,0,,,java10x,0,0,0,,,0,,0,
clean,2,11,1,3,1,1,,1,5,59,2,,7,2,1,1,javaspring-clean-architect,2,0,10,2,4,4,2,0,2
clean,3,9,3,4,4,1,,8,,30,2,,,8,3,1,Java_Full_Stack_Project,2,3,3,4,2,13,3,2,4
clean,9,9,6,9,8,1,1,13,,47,1,,,3,11,,JC-Student-API-Legacy,0,2,11,10,1,4,2,1,5
clean,2,11,6,6,6,4,,7,,40,0,,,7,40,1,Job-App-Microservices,0,6,0,6,,13,23,0,6
clean,3,9,3,3,3,1,,3,,18,0,,,4,6,1,Job-Application-Management-System,0,3,0,3,,3,18,0,3
clean,4,12,,4,6,1,,29,13,44,2,15,10,13,,1,job-management,0,11,0,7,2,4,13,2,7
clean,3,8,,3,1,1,1,2,,7,0,,,1,,1,job-portal-spring-boot-mongo,0,0,0,1,,3,2,1,1
clean,2,9,,2,2,1,,2,4,13,0,,2,2,,1,JobApp-clean-architecture,0,2,0,2,,3,4,0,2
clean,5,10,11,21,7,1,2,17,,44,5,,,16,13,1,journal-spring-boot,0,8,0,6,4,8,2,5,5
clean,5,8,10,24,5,1,2,12,,39,3,,,14,13,1,journalApp,0,7,0,5,4,8,2,4,5
clean,4,12,,0,0,1,2,10,15,25,3,8,10,4,2,,judo-pills-backend,2,0,0,,1,6,2,4,
clean,1,10,3,0,1,1,,4,3,12,0,,1,3,3,,KafkaCleanArchitecture,1,2,0,1,,3,2,0,1
clean,,7,,0,0,1,,0,,2,0,,,0,,1,lab-java-clean-architecture-spring-boot-kafka,0,0,0,,,3,2,0,
clean,2,6,2,2,1,1,,1,,17,1,,,2,3,,layered-architecture-template,1,1,0,3,1,3,2,0,3
clean,3,8,6,3,4,1,,13,,26,1,,,7,6,1,library-management-spring-boot,3,3,0,6,1,3,2,1,6
clean,3,9,3,3,4,1,,8,,25,0,,,3,7,1,library-management-system,0,3,0,3,,2,1,0,3
clean,2,12,,1,1,1,,9,6,26,3,,2,6,,1,libro,0,1,4,3,2,7,1,5,3
clean,1,9,14,6,1,1,,5,16,45,0,,6,12,17,1,limitchecker-spring-boot,1,7,0,2,1,10,23,5,2
clean,2,11,1,1,2,1,,12,5,28,1,,,8,1,1,limpiar,0,2,2,2,1,4,20,5,2
clean,,9,1,0,1,1,,4,1,20,1,,,2,1,1,localgov-backend,0,1,0,2,4,3,2,1,1
clean,1,9,4,10,3,1,,12,6,25,2,6,,7,6,1,login-spring-security,1,4,0,2,2,3,2,1,2
clean,10,10,2,49,7,1,5,36,70,103,13,25,,10,2,1,LottoApplication,5,1,0,11,11,11,103,4,6
clean,1,7,1,1,2,1,,2,,8,0,,,1,2,1,Love-Letter-Application-Backend,0,1,0,2,,3,8,0,2
clean,32,12,21,70,14,1,,19,,303,11,,43,51,59,1,macbus-backoffice-spring-boot,12,33,0,12,15,5,1,6,12
clean,5,8,5,6,7,1,,29,,49,1,,,12,10,,Many2Many_Spring,5,5,0,11,,5,1,2,6
clean,,15,,0,0,1,,0,,2,0,,,0,,1,maven-archetype-hexagonal,0,0,0,,,3,2,0,
clean,1,8,1,1,2,1,,6,,8,1,,,2,1,1,media-nest-backend,1,1,0,2,,4,2,0,2
clean,1,9,7,1,2,2,,4,,17,0,,,4,17,1,MediTrack,1,2,0,1,,6,4,0,1
clean,1,10,,1,1,1,,4,3,11,1,1,2,1,,1,menu-system,0,1,0,1,1,4,5,0,1
clean,1,10,7,1,3,2,,18,,29,1,,,6,27,1,microcredit-platform,1,3,0,6,1,14,3,2,6
clean,12,20,7,8,5,2,6,17,60,128,15,26,,39,128,1,Microservice-Artchitecture,6,5,15,2,10,12,43,28,2
clean,9,12,,14,0,1,3,14,18,51,6,29,4,10,51,,microservice-franchises-java-springboot,3,0,0,,5,4,4,9,
clean,4,9,,0,1,1,,1,1,14,1,,6,4,14,,MicroserviceJavaClean,0,0,0,1,3,7,,4,1
clean,10,11,,76,12,6,4,88,6,177,14,,,38,177,1,Microservices,6,12,0,12,28,56,6,27,3
clean,35,19,15,16,5,5,13,17,129,240,21,29,,78,240,1,microservices-design-pattern,11,5,0,2,15,23,78,62,2
clean,3,9,8,3,5,3,,9,,33,1,,,7,33,1,microservices-project,3,2,0,6,1,13,6,2,6
clean,7,11,11,5,6,3,,19,12,68,3,14,,13,68,,microservices-springboot,5,6,0,6,2,14,34,2,6
clean,2,8,2,2,1,1,,1,,11,1,,,5,4,1,miniblog-springboot-thymeleaf,2,2,0,1,1,2,1,0,1
clean,1,9,2,1,1,1,,1,,11,0,,,2,2,1,modern-mvc-spring-boot,1,1,0,2,,3,2,0,2
clean,2,9,2,2,3,1,,7,,19,1,,,2,2,1,monstershop-api,0,2,0,2,1,3,2,0,2
clean,9,9,3,4,3,2,3,3,6,31,1,10,3,3,6,1,movie-rent-clean-arch,3,0,0,3,1,6,9,0,3
clean,19,11,9,30,5,1,7,34,45,99,4,,13,22,10,1,MovieManager,6,11,0,6,4,12,3,5,5
clean,19,11,8,27,5,1,7,34,42,92,3,,12,21,9,1,Movie_Manager,6,11,0,5,3,11,2,4,4
clean,1,15,5,2,2,4,,16,1,25,9,3,,1,25,1,mspt-microservice-demo,0,1,6,2,9,11,4,0,2
clean,,11,1,1,2,1,,16,8,56,7,36,4,3,2,1,musicweather-api-clean-architecture,0,3,0,1,6,6,14,0,1
clean,12,8,13,45,11,1,,131,,119,3,,,20,23,1,MyStore,0,11,0,10,3,3,2,9,10
clean,30,19,6,75,0,1,,90,48,137,8,85,26,27,15,,nequi_techlead_technical_test_ms,3,16,0,32,7,12,4,10,23
clean,7,13,,1,3,1,2,13,36,69,3,21,,8,,1,next-spring-notes,2,5,0,9,4,3,10,1,9
clean,5,10,4,4,7,1,1,22,,34,3,,,8,4,1,notesapp-backend,1,4,0,7,3,10,2,3,7
clean,3,8,3,4,4,1,,19,,25,0,,,8,6,1,One2one-Entity-Rest,3,3,0,6,,3,1,1,3
clean,,12,,0,0,2,,0,,102,0,,,0,,1,OpenBootcampBackendRoad,0,0,0,,,6,4,0,
clean,,16,,0,0,0,,0,18,18,0,,,0,,,order-processing-system,0,0,0,,,0,,0,
clean,,11,,0,0,0,,0,2,6,0,,,0,6,,order-service,0,0,0,,,0,2,0,
clean,22,19,14,10,3,5,7,9,114,191,17,20,,56,149,1,ordering-system,6,5,16,1,12,19,55,45,1
clean,25,14,25,17,30,1,,60,204,433,8,43,,64,51,1,panis-boot,0,54,0,29,6,6,1,10,29
clean,3,9,3,4,4,1,,6,,28,1,,,6,3,1,Patent-Manager-Spring-Boot-Application,3,3,0,3,1,3,28,0,3
clean,2,8,2,2,2,1,,6,,14,0,,,2,2,1,Patient-Appointment-Management-System,0,2,0,2,,3,2,0,2
clean,3,7,5,8,3,1,,6,3,29,2,,,9,5,1,payment-api,3,4,0,2,2,2,1,2,2
clean,,11,4,0,1,2,,4,7,17,3,3,,6,17,1,pedido-assincrono,0,4,0,1,3,4,5,2,1
clean,8,11,11,19,9,1,,15,28,95,4,29,,19,18,1,pet-care-api,0,11,0,9,4,8,39,8,1
clean,3,9,4,3,3,0,,11,6,22,1,,,5,4,1,petshop-application,2,3,0,2,1,1,22,0,2
clean,7,11,10,0,2,1,,10,25,88,0,9,19,10,15,1,petshop-scheduler-chatbot,0,9,0,1,,3,37,1,1
clean,9,11,2,3,3,1,4,17,,44,3,,4,4,4,1,picpay-challenge,0,4,0,4,2,10,2,0,4
clean,4,15,,2,3,1,2,14,2,48,1,,14,6,4,,picpay-simplified-challenge,2,0,0,2,1,4,2,4,2
clean,3,8,4,3,3,1,,5,,23,0,,,2,4,1,Pismo_Capstone_Project,0,2,0,2,1,3,2,0,2
clean,3,7,7,8,4,1,,11,,31,1,,,3,31,1,Pismo_Transaction_Service,0,3,0,5,1,7,2,0,5
clean,11,12,2,5,1,1,,4,26,114,1,22,34,0,4,1,planetae-timetracker,0,0,0,2,1,3,67,0,1
clean,37,11,,16,5,1,13,22,67,211,2,,49,20,,1,planogram-nomenclature,4,16,0,69,1,9,,0,13
clean,4,11,1,2,2,1,1,5,,21,1,13,6,1,1,1,PlateLocationFinder,1,0,3,2,1,5,2,0,1
clean,2,13,,19,3,1,,6,141,206,4,28,25,2,,1,poc-clean-architecture,0,2,0,3,4,2,37,1,2
clean,2,11,3,7,2,1,,8,16,34,0,,14,6,3,1,poc-clean-architecture-spring,0,3,10,2,,3,2,3,2
clean,3,9,1,2,2,1,1,4,2,18,2,3,5,1,1,1,practica_uno_clean_architecture,1,0,0,2,2,5,8,0,1
clean,9,12,2,4,2,1,5,9,4,26,2,,2,3,3,1,price-manager,0,2,0,8,1,8,9,2,2
clean,8,13,2,4,2,1,4,9,2,24,2,,2,3,3,1,price-manager-web-back,0,2,0,9,2,6,8,2,3
clean,6,10,3,2,1,1,2,1,6,30,6,15,,8,6,,process-orders,4,7,0,1,6,5,8,3,1
clean,1,8,1,1,1,1,,1,,7,0,,,1,2,1,product-api,0,1,0,1,,3,2,0,1
clean,2,9,2,11,2,1,,8,7,26,2,3,,4,3,1,product-management-backend,1,1,0,2,2,5,5,2,2
clean,12,12,4,3,2,1,4,9,15,39,3,,2,4,10,1,product-manager,0,2,0,7,2,4,20,3,2
clean,1,8,1,1,1,1,,1,,8,0,,,1,2,1,ProductCategory,0,1,0,1,,3,2,0,1
clean,3,9,3,3,4,1,,25,,28,1,,,8,3,1,ProductList-using-springboot,3,3,0,3,1,3,2,2,3
clean,,8,,0,1,1,,2,,3,0,,,0,,1,products-api,0,0,0,1,,3,2,0,1
clean,3,12,,30,4,1,,8,29,134,5,43,47,3,,1,project-spring-boot,0,0,12,4,5,2,62,4,3
clean,3,8,2,3,2,1,,2,,14,0,,,2,2,1,project_management_springboot,0,2,0,2,,3,2,0,2
clean,5,10,13,8,4,1,,14,,72,4,,,14,14,1,Projeto-Estacionamento,1,8,0,3,4,5,3,5,3
clean,1,9,,5,2,1,,4,6,24,1,,3,4,,1,quasar-fire-operation,0,0,0,1,1,3,2,4,1
clean,1,11,3,6,1,1,,9,,14,1,,,3,4,1,Reactive-Programming-Spring-Boot-Backend,1,2,0,1,1,4,2,0,1
clean,3,9,7,15,7,1,,28,,55,2,,,10,7,1,ReadingIsGood,0,6,0,5,2,3,3,4,5
clean,21,16,61,50,21,1,,27,23,215,1,,113,72,62,1,real-hope-code-generation,0,72,22,22,4,5,112,4,22
clean,,6,,0,0,1,,0,,2,0,,,0,,1,reboot,0,0,0,,,3,2,0,
clean,4,8,2,10,2,1,2,4,,22,2,,,2,3,1,record-shop-api-v2,1,1,0,2,2,12,2,0,2
clean,3,9,4,3,4,1,,20,,35,1,,,8,7,1,rent-read-library-app,2,4,0,3,1,3,2,2,3
clean,8,9,4,1,2,1,,7,,11,0,,,4,5,1,repsy-server,0,4,0,2,,3,1,0,2
clean,3,10,,4,1,1,1,1,5,19,0,6,1,3,,1,restaurant-management-system,2,0,0,1,,4,6,1,1
clean,24,19,13,11,3,5,8,9,107,188,17,20,,59,188,1,restaurant-microservice,8,8,20,1,12,19,48,43,1
clean,6,18,1,3,3,0,3,9,30,69,8,18,,13,33,1,restaurant-ordering-system,3,1,0,1,5,3,16,9,1
clean,13,10,,22,5,1,5,10,6,97,5,,11,0,,1,RestaurantManagement,0,0,0,11,6,18,2,0,8
clean,,9,1,0,1,1,,2,,5,0,,,1,1,1,RestGen-Ai,0,1,0,1,,3,2,0,1
clean,3,8,,3,3,1,,4,,23,1,,,2,3,1,saas,0,0,0,3,1,3,2,2,3
clean,2,11,2,2,2,1,,16,5,15,1,2,,2,2,1,Safe-Card-Application,0,2,0,2,1,4,15,0,2
clean,,10,,4,3,1,,11,,54,0,,,13,,1,sales-clean-architecture,3,2,0,3,,4,2,8,3
clean,,10,6,5,6,1,,17,19,55,2,,6,19,12,1,sales-system-api,4,11,0,8,2,3,12,4,5
clean,5,10,2,2,3,1,2,18,6,19,1,,,1,4,,sboot-clean-arch-example,1,0,0,2,1,2,7,0,2
clean,2,9,2,3,2,1,1,6,5,19,2,6,2,2,2,1,scaffolding-java-spring-boot,2,1,0,1,2,2,6,0,1
clean,2,10,5,7,2,1,,9,,54,1,,,33,5,1,Scheduler-Telegram-Bot,2,5,0,2,1,6,2,26,2
clean,2,11,1,2,6,1,,19,1,30,1,10,7,2,1,1,sda_clean_example,0,1,0,6,1,3,2,1,5
clean,3,10,1,1,3,1,1,9,3,20,2,,2,5,1,1,secure-auth-api,1,3,0,3,2,3,4,1,3
clean,21,13,2,8,3,1,3,24,35,82,8,42,22,8,10,,secure-login-clean-architecture,2,1,0,1,8,5,5,7,1
clean,,9,1,0,1,1,,4,,6,0,,,3,1,1,Secure-User-Login-Registration-Spring-Boot-JSP-,1,1,7,1,,3,2,0,1
clean,1,10,2,1,1,1,,6,3,30,1,,2,4,2,1,Send-Message-Kafka,0,0,5,1,1,3,9,4,1
clean,,10,2,0,1,1,,1,,11,1,,,3,2,1,SendMailer,0,3,0,1,1,3,3,0,1
clean,9,8,3,4,5,1,3,10,,44,0,,,14,6,1,Shipping-System,4,3,0,5,,3,2,2,5
clean,5,11,4,3,3,1,3,11,28,46,0,7,10,5,46,1,shop-microservice-spring-boot,1,3,2,4,,8,2,1,4
clean,8,8,11,44,6,1,,24,,84,4,,,19,17,1,ShopEase,8,7,0,6,4,4,2,4,6
clean,11,9,16,27,9,1,,18,,120,2,,,20,16,1,ShringShop,10,8,0,18,2,3,1,2,18
clean,3,6,3,3,3,1,,30,,17,0,,,6,3,1,simple-todo-app,0,3,0,3,,3,2,3,3
clean,4,12,2,4,3,1,,11,7,97,2,41,25,16,12,1,simplepay-clean-architecture,0,12,0,3,2,2,25,4,3
clean,3,11,2,1,2,1,1,9,4,27,1,,3,8,2,1,simplified-authenticator-spring,1,2,0,2,1,4,8,5,2
clean,5,11,5,15,5,1,,5,25,47,0,,,10,10,1,Simulacion_parque_salitre_magico,0,5,0,5,,3,17,5,5
clean,,9,,0,0,1,,1,5,33,0,,,5,,1,single-cards,0,0,0,3,,4,2,5,3
clean,4,9,4,8,4,1,,32,6,30,2,,,8,6,1,Sistema_HelpDesk_API_Backend,4,4,0,,2,3,2,0,
clean,11,10,12,11,15,1,,17,,78,2,,,21,23,1,SocialMediaPlatform-SpringBoot,5,12,0,15,2,3,2,4,15
clean,6,12,4,4,3,1,5,11,,29,1,,5,2,4,1,socialnetwork-coding-dojo,2,0,17,3,1,6,2,0,3
clean,4,10,,1,3,1,2,8,3,41,2,22,10,8,,1,solid-cqrs-clean-architecture,1,5,0,4,2,4,16,2,4
clean,4,11,2,9,4,1,1,18,18,45,4,,5,10,2,1,sp-clean-architecture,3,3,0,6,4,3,2,4,6
clean,3,11,,4,2,1,1,16,4,40,0,,14,9,,1,sp-clean-architecture-todos,0,9,4,2,,3,2,0,2
clean,2,9,2,1,2,1,1,6,1,29,3,9,4,1,2,1,spring-auth-module,0,0,0,5,3,3,7,1,2
clean,1,9,,0,1,1,1,2,,7,0,,,1,,1,Spring-Boot-Application-REST-API,1,0,0,1,,4,7,0,1
clean,3,11,,1,2,1,1,3,13,23,2,,,1,4,1,spring-boot-base-template,1,0,0,1,1,3,7,0,1
clean,1,9,,0,0,1,1,0,1,6,0,,,0,,1,spring-boot-clean-arch,0,0,0,,,3,4,0,
clean,2,10,,3,1,1,1,4,1,14,1,,1,0,,1,spring-boot-clean-arch-app,0,0,0,4,1,3,4,0,1
clean,10,14,4,47,29,2,,89,7,216,2,84,36,34,8,1,spring-boot-clean-architecture,0,26,0,27,2,6,4,30,27
clean,1,12,1,3,1,1,,1,8,21,1,7,1,3,1,,spring-boot-clean-architecture-,1,0,0,1,1,2,6,2,1
clean,2,11,,2,6,1,,19,,40,0,23,8,12,,1,spring-boot-clean-architecture-auth,2,5,0,5,,3,2,5,5
clean,1,11,,1,6,1,,25,18,51,2,6,13,0,,1,Spring-Boot-Clean-Architecture-Boilerplate,0,0,0,6,2,5,2,0,6
clean,3,10,,1,2,1,1,8,4,17,0,8,,3,,1,spring-boot-clean-architecture-demo,1,2,0,6,,6,1,0,3
clean,,17,1,0,0,0,,0,24,24,0,,,5,10,,spring-boot-clean-architecture-kafka-domain-driven-desing,0,1,0,,,0,10,4,
clean,1,11,1,1,1,1,,3,1,17,0,,1,4,1,1,spring-boot-clean-architecture-main,0,0,4,1,,3,7,4,1
clean,1,10,,1,2,5,,4,4,28,0,,,6,,1,Spring-Boot-Clean-Architecture-master,1,0,2,2,2,17,18,5,2
clean,25,10,1,8,8,1,15,35,13,148,13,,62,17,1,,Spring-Boot-Clean-Architecture-POC,5,4,52,11,12,43,1,11,11
clean,6,13,3,3,1,1,2,5,19,32,1,,,7,32,1,spring-boot-clean-architecture-sample,2,1,0,1,1,6,13,4,1
clean,1,11,3,9,2,1,,9,3,40,4,15,2,9,3,1,spring-boot-clean-architecture-template,1,3,0,2,4,3,11,5,2
clean,1,10,2,2,2,1,,6,2,23,3,,1,4,2,1,spring-boot-clean-architecture-test,0,0,6,3,2,9,7,4,3
clean,1,10,,1,1,1,,1,,8,0,,,1,,,Spring-Boot-Clean-Structure,0,0,0,1,,3,2,1,
clean,2,10,,4,1,1,1,4,1,14,0,,1,0,,1,spring-boot-cleanarch,0,0,0,4,1,3,5,0,1
clean,,10,,0,0,1,,0,,6,0,,,0,,1,spring-boot-cleanarch-client-cli,0,0,0,,,3,2,0,
clean,2,9,4,1,4,3,,7,,19,0,,,6,5,1,spring-boot-crud,1,4,0,3,,9,6,0,3
clean,1,8,,1,1,1,,1,,4,0,,,0,,1,spring-boot-crud-api,0,0,1,1,,2,1,0,1
clean,4,11,11,10,13,11,,76,,82,2,,,15,17,1,Spring-Boot-Cruds,3,11,1,10,1,33,31,0,9
clean,2,12,9,3,4,1,,22,,61,2,,,11,43,1,spring-boot-demo,0,5,12,7,1,8,1,7,3
clean,6,8,3,12,8,1,,18,,52,3,,,6,4,,spring-boot-ecommerce-api,0,3,0,8,2,4,2,2,7
clean,3,11,7,5,4,1,,30,22,73,3,,,11,7,1,spring-boot-example,0,2,0,5,3,6,2,9,5
clean,,6,,0,0,1,,0,,2,0,,,0,,1,spring-boot-hateoas,0,0,0,,,3,2,0,
clean,,7,,0,0,1,,0,,2,0,,,0,,1,spring-boot-hexagon-arch,0,0,0,,,3,2,0,
clean,8,10,,2,4,1,4,13,7,72,4,,10,5,14,1,spring-boot-jpa-api-rest-clean-architecture,4,0,0,6,3,10,37,1,6
clean,,8,4,4,4,1,,4,,18,0,,,8,4,1,spring-boot-jpa-relation-crud-api,4,4,0,4,,3,2,0,4
clean,2,11,1,3,1,1,,4,,27,2,,,5,1,1,spring-boot-jwt-rest-api-clean-architecture,2,2,2,2,1,5,8,2,2
clean,2,9,,2,0,1,,0,,11,1,,,2,,1,Spring-boot-MapStruct-Lombok,2,0,0,,,4,2,0,
clean,6,19,4,4,3,2,3,9,38,80,11,20,,20,80,1,Spring-Boot-Microservices,3,2,0,1,7,9,24,15,1
clean,1,8,1,1,1,1,,2,,7,0,,,1,2,1,spring-boot-patient-app,0,1,0,1,,4,2,0,1
clean,,10,,0,1,4,,2,,36,1,,,10,,1,Spring-boot-projects,0,0,0,3,1,15,35,4,1
clean,,10,2,3,2,1,,3,,12,0,,,4,2,1,spring-boot-QuizzApp,2,2,0,2,,4,2,0,2
clean,1,11,1,1,1,1,,3,4,16,0,,4,2,3,1,spring-boot-rest,0,1,0,1,,3,2,1,1
clean,,10,,0,1,1,,1,,8,0,,,2,2,1,Spring-boot-restFulAPI-Employee-FULL-CRUD-,1,1,0,1,,4,2,0,1
clean,1,10,,1,2,1,,7,,24,2,,3,2,,,spring-boot-sample,0,0,1,2,2,6,3,2,2
clean,2,8,2,10,2,1,,2,,10,0,,,2,2,1,spring-boot-security-iii,0,2,0,2,,3,2,0,2
clean,1,7,1,1,1,1,,3,,6,0,,,1,1,1,spring-boot-software-engineers,0,1,0,1,,3,2,0,1
clean,1,8,1,1,1,1,,2,,6,0,,,2,1,1,spring-boot-student-api,1,1,0,1,,3,2,0,1
clean,,11,1,0,1,1,,4,7,27,2,,,0,2,1,Spring-Boot-template,0,0,0,1,1,2,9,0,1
clean,,10,2,0,2,1,,10,6,28,5,3,2,3,2,1,spring-boot-template-clean-architecture,0,2,0,1,5,5,10,2,1
clean,1,9,1,3,2,1,,4,,12,0,,,3,2,1,spring-boot-todo-app-postgresql,1,1,0,1,,3,2,1,1
clean,1,8,2,1,2,1,,6,,18,3,,,2,3,1,spring-boot-url-shortener,0,2,0,1,3,3,3,0,1
clean,2,8,2,0,0,1,,0,,7,0,,,2,3,,spring-boot-user-demo,1,1,0,,,3,1,0,
clean,,8,2,0,0,1,,0,,7,0,,,2,3,1,spring-boot-user-demo-project,1,1,0,,,2,1,0,
clean,1,13,,9,0,1,,0,18,54,2,10,20,1,,1,spring-boot-with-clean-architecture,0,0,4,,2,3,26,4,
clean,2,11,,1,6,1,1,12,,65,2,,18,5,,1,spring-challenge-api,0,0,0,9,2,4,2,5,9
clean,3,11,2,1,2,1,2,7,13,31,1,,,2,2,1,spring-chat,0,1,0,1,2,9,4,0,1
clean,1,8,1,1,1,1,,9,,6,0,,,2,1,1,spring-clean-api,1,1,6,1,,3,2,0,1
clean,5,11,1,0,1,1,1,5,13,38,0,,18,7,2,1,spring-clean-arch-poc,0,0,0,1,1,4,21,7,1
clean,2,11,1,16,2,1,,6,50,75,0,,7,6,1,,spring-clean-arch-template,2,1,0,1,,3,2,3,1
clean,2,9,,1,1,1,1,5,1,15,1,8,2,0,,1,spring-clean-architecture,0,0,0,1,1,3,5,0,1
clean,1,12,,1,1,1,,1,,16,0,7,,5,,1,spring-clean-architecture-example,1,3,1,1,,3,2,0,1
clean,1,9,2,1,1,1,,1,,7,0,,,1,2,1,spring-clean-tech-api,0,1,0,1,,3,2,0,1
clean,,9,,0,0,0,,0,,7,0,,,1,,,spring-commander,0,0,0,,1,2,,1,
clean,8,9,8,8,9,1,,17,,68,1,,,20,15,1,spring-commerce,8,8,0,8,1,4,2,4,8
clean,17,12,9,9,5,1,6,27,13,97,2,18,9,20,9,1,spring-ewallet,2,9,0,4,2,3,35,9,4
clean,6,20,3,4,3,2,3,14,33,74,11,19,,14,50,1,spring-food-ordering-system,3,1,0,1,7,9,19,10,1
clean,4,10,,3,1,1,,3,2,45,6,,8,8,,1,spring-kafka,1,0,0,5,6,3,2,7,1
clean,4,11,12,2,7,1,,11,,91,6,,,27,28,1,spring-library-solid,4,9,0,10,10,19,1,15,8
clean,1,8,2,1,2,1,,3,,13,0,,,1,2,1,spring-product-demo,0,1,0,2,,5,2,0,2
clean,5,10,6,3,4,1,3,13,2,39,1,,,0,11,1,Spring-Quarkus-Clean-Architecture,0,0,2,,2,3,15,0,
clean,4,10,,5,1,1,2,3,8,18,0,5,3,3,,,spring-reactive-boilerplate,2,1,0,,,5,2,0,
clean,,8,1,1,1,1,,1,,8,1,,,1,1,,spring-security-demo,0,1,0,1,1,3,2,0,1
clean,2,9,2,8,2,1,,4,,15,1,,,3,4,1,Spring-Simple-Clean-Architecture,1,2,2,,1,3,2,0,
clean,3,12,5,28,11,3,,29,9,77,4,,4,15,5,,spring-study,1,6,0,10,4,15,22,8,10
clean,4,12,,1,2,1,2,12,1,21,1,,5,1,,1,spring-tdd-clean-example,0,0,0,7,1,5,1,1,3
clean,6,10,7,5,3,1,2,17,5,30,1,9,,9,10,1,spring-todo,2,5,15,4,1,9,3,1,4
clean,,7,,0,0,1,,0,,2,0,,,0,,1,spring-users-clean-api,0,0,0,,,3,2,0,
clean,,9,1,0,2,0,,9,,20,5,,,3,1,,spring6,1,2,0,1,5,0,1,2,1
clean,1,12,2,4,5,1,,14,20,55,2,15,2,5,2,1,SpringBoot-Angular-cleanArchitecture,0,1,18,2,2,4,2,4,2
clean,1,9,1,2,2,1,,8,,18,0,,,4,2,1,SpringBoot-API-Exception-Handler,1,1,0,2,,4,2,2,1
clean,,10,4,0,5,1,,19,2,24,0,,2,3,4,1,springboot-api-validations,0,2,0,5,1,8,7,1,5
clean,2,9,1,2,2,1,,8,,23,1,,,5,2,1,springboot-app-auth,2,1,2,2,1,4,2,2,2
clean,,9,8,8,7,1,,9,,62,1,,,16,14,1,springboot-blog-api,0,8,0,6,1,3,2,8,6
clean,4,11,5,7,5,1,,9,,53,1,,,11,5,1,SpringBoot-BookApp,0,4,0,13,1,3,2,7,9
clean,9,11,9,80,10,1,,18,,97,1,,,18,18,1,springboot-church-api,9,9,0,9,1,3,2,0,9
clean,4,11,,4,1,1,,3,2,45,6,,8,8,,1,SpringBoot-Clean-Architecture,1,0,0,5,6,3,2,7,1
clean,2,12,,9,3,1,,6,33,83,4,26,24,1,,1,springboot-clean-architecture-boilerplate,0,0,0,3,5,6,31,2,1
clean,3,10,1,3,4,5,,14,7,42,1,,,10,2,1,SpringBoot-Clean-Architecture-JWT-Security,3,1,4,4,2,15,16,6,4
clean,5,8,1,5,5,1,,7,,20,2,,,6,1,1,springboot-clean-architecture-template,0,1,0,5,2,3,2,0,5
clean,6,10,2,16,4,1,2,10,17,55,1,18,3,12,3,1,springboot-cleanarch-template,0,6,0,15,1,3,5,6,3
clean,4,10,3,2,2,1,,4,4,15,2,7,2,3,3,1,SpringBoot-CleanArchitecture-CRUD-JPA-SqlServer,2,1,0,2,2,3,5,0,2
clean,4,9,2,8,2,1,2,2,4,23,1,,,6,4,1,springboot-core-rest-api,2,2,0,4,1,9,2,2,4
clean,1,12,1,1,1,1,,1,3,12,0,1,,2,2,1,springboot-crud,1,1,0,1,,3,3,0,1
clean,1,9,1,1,1,1,,1,,10,1,,,1,2,1,Springboot-crud-dto-architecture,0,1,0,1,1,3,2,0,1
clean,,9,2,0,2,1,,12,,14,0,,,2,2,1,springboot-customer-api,0,2,0,2,,2,2,0,2
clean,2,8,2,2,2,1,,5,,18,0,,,5,2,1,springboot-delivery-optimization,2,2,0,2,,3,18,1,2
clean,,7,,0,0,1,,0,,2,0,,,0,,1,springboot-demo,0,0,0,,,3,2,0,
clean,10,9,8,36,7,1,,17,,70,2,,,17,15,1,Springboot-ecommerce-api,5,8,0,6,2,4,2,4,5
clean,1,9,1,1,2,1,,3,,10,0,,,1,2,1,springboot-exception-handling-api,0,1,0,1,,3,2,0,1
clean,5,9,2,7,0,1,,0,,17,0,,,3,2,1,springboot-jpa-hospital-app,0,2,0,,,5,2,0,
clean,,11,22,25,20,10,,39,,111,2,,,27,38,1,SpringBoot-Projects,10,16,0,19,2,30,30,0,19
clean,1,10,1,1,1,1,,2,,12,0,,,1,2,1,springboot-rest-api,0,1,1,1,,4,2,0,1
clean,2,8,1,4,2,1,,13,,19,1,,,3,1,1,Springboot-REST-API-Template,2,1,0,2,1,4,2,1,2
clean,,8,1,0,2,1,,3,,11,0,,,2,2,1,springboot-rest-crud-employee,1,1,0,1,,3,2,0,1
clean,2,10,3,2,6,1,,31,,22,1,,,1,22,1,springBoot-RESTApi-cleanArchitecture,0,0,0,5,1,3,2,1,5
clean,1,8,1,0,1,1,1,5,,5,0,,,2,1,1,springboot-shoppingmall,1,1,0,1,,2,1,0,1
clean,1,10,,3,2,1,,6,2,16,0,,,2,1,1,SpringBootAPIDDD,0,1,3,2,,3,5,1,2
clean,4,10,,3,1,1,,3,2,45,6,,8,8,,1,SpringBootCleanArchitecture,1,0,0,5,6,4,2,7,1
clean,2,8,2,0,3,1,1,4,,9,1,,,2,3,,springbootcrud,1,1,0,1,1,2,,0,1
clean,,6,,0,0,0,,0,,6,0,,,0,,,SpringBootCurdOperaions,0,0,0,,,0,,0,
clean,1,8,1,0,1,1,1,1,,6,0,,,2,1,1,SpringBootDemoProject,1,1,0,1,,3,2,1,1
clean,9,19,4,3,3,1,3,10,53,100,10,18,,24,100,,SpringBootMicroservicesUdemy,3,3,0,1,7,6,26,17,1
clean,1,8,1,1,1,1,,2,,6,0,,,1,1,1,springbootproject,0,1,0,1,,3,2,0,1
clean,3,9,5,8,5,1,,11,,45,3,,,12,9,,SpringBootTodoList,3,5,0,4,3,4,2,4,3
clean,5,11,5,2,3,1,2,12,1,62,3,,4,23,6,1,SpringBoot_Base,1,4,0,2,3,3,17,18,2
clean,3,10,,4,3,1,,11,,27,1,,5,5,,1,SpringBoot_CleanArchitecture,1,4,0,5,1,7,2,0,5
clean,6,12,4,11,4,2,2,24,3,43,5,30,,5,4,1,SpringBoot_Hexagonal_Architecture,2,3,9,6,4,11,10,1,6
clean,1,8,1,1,2,1,,3,,10,0,,,1,2,1,Springboot_REST_API_Project01,0,1,0,1,,5,2,0,1
clean,6,9,1,2,2,1,2,13,4,16,0,4,,3,1,1,SpringCleanArch,2,1,0,1,,3,3,0,1
clean,10,14,9,20,9,1,,16,9,155,4,16,33,66,17,1,SpringCleanArchitectureCQRS,0,8,0,9,5,9,106,58,9
clean,2,10,4,10,3,1,,4,,21,1,,,5,4,1,SpringContacts,0,4,0,3,1,3,2,1,3
clean,8,18,4,5,3,2,4,9,37,91,12,26,,23,91,1,SpringMicroservice-outbox-kafka-saga-pattern,4,2,12,1,8,9,24,17,1
clean,4,11,6,2,3,3,1,20,3,27,1,4,,4,27,1,SpringMicroservicesCleanArchitecture,1,3,0,2,1,7,7,0,2
clean,1,10,1,1,2,1,,11,,12,1,,,2,1,,spring_api_rest,1,1,0,1,,3,2,0,1
clean,1,8,1,1,1,1,,5,,6,0,,,1,1,1,Spring_Boot-Project,0,1,0,1,,3,2,0,1
clean,10,12,4,4,4,1,3,20,12,49,2,,6,17,49,1,Spring_Boot_API-Clean_Architecture-JPA-Spring_Security-PostgreSQL,3,2,0,8,2,3,2,5,3
clean,2,12,1,2,1,0,,1,,6,0,,,2,1,1,Spring_Boot_CourseRegister,1,1,0,1,,0,,0,1
clean,,8,1,0,0,1,,0,,21,4,,,6,3,1,spring_boot_scraper,0,0,0,1,,6,1,6,1
clean,4,11,5,4,1,1,,2,28,35,1,,4,16,5,1,spring_todo_clean_architecture,7,2,0,1,1,3,6,4,1
clean,2,8,3,2,2,1,,11,,23,1,,,7,4,1,Stockify-App,0,4,0,2,1,3,2,3,2
clean,3,8,3,3,3,1,,3,,17,0,,,6,3,1,Student-Course-Management_BanqueMisr,3,3,0,3,,3,2,0,3
clean,1,8,1,1,2,1,,3,,22,0,,,4,1,1,student-crud-springboot,1,1,0,1,1,3,2,2,1
clean,9,8,,10,7,1,,9,,38,2,,,1,,1,student-management-backend,0,0,0,7,2,4,2,1,7
clean,2,8,1,3,2,1,,3,,12,0,,,3,2,1,StudentCourseManagementSystemApp,2,1,0,1,,3,2,0,1
clean,3,11,,3,4,1,,5,11,71,1,26,27,16,,1,sus-scheduler,0,13,0,5,1,7,32,3,5
clean,5,13,,22,3,1,,29,9,86,1,,38,5,,1,system-permission-clean-architecture,5,0,0,3,1,4,2,1,
clean,2,8,3,2,3,1,,10,,23,2,,,7,3,1,task-hub-app,2,3,0,2,2,2,1,2,2
clean,2,8,4,8,4,1,,8,,21,1,,,5,4,1,task-management-api-java,0,4,0,3,1,2,1,1,3
clean,1,9,,1,1,1,,1,,5,0,,,0,,1,Task-Management-REST-API-,0,0,0,1,,3,2,0,1
clean,1,7,2,1,1,1,,5,,15,1,,,5,2,1,task-manager-api,1,2,0,1,1,3,2,2,1
clean,3,8,4,0,3,1,3,14,4,38,6,,,6,5,1,Task-Wizard,2,2,0,4,7,7,1,2,4
clean,,8,2,0,2,1,,2,,12,0,,,2,2,,taskmanager-springboot,0,2,0,2,,3,2,0,2
clean,1,10,,8,2,1,,5,4,36,4,5,,10,1,1,template,0,0,0,2,5,7,23,9,2
clean,,13,,0,0,1,,0,1,3,0,,,0,,1,template-java-spring-clean-hexagonal-architecture,0,0,0,,,3,2,0,
clean,2,9,2,5,2,1,,9,13,32,1,,,6,2,1,template-project,1,3,5,1,2,3,1,2,1
clean,3,10,2,1,1,1,1,1,2,15,0,6,2,3,2,1,template_spring_hexagonal_architecture,2,1,0,3,,5,6,0,1
clean,3,11,1,10,2,1,,7,8,29,7,,6,3,1,1,think-clean-architecture,1,1,14,2,6,6,21,1,2
clean,12,17,20,65,10,1,,32,129,398,12,139,67,33,20,,tickets-api,9,1,0,10,14,6,132,24,10
clean,3,8,,2,1,1,1,1,,17,0,,,1,,,todo-app,0,0,0,1,,4,2,1,1
clean,6,11,,2,4,1,2,19,17,61,4,,21,2,,1,todo-list-arquitetura-limpa,2,0,0,3,4,7,15,0,3
clean,,10,,0,0,1,,0,,2,0,,,0,,1,todobackend-java-spring-clean-architecture,0,0,0,,,3,2,0,
clean,,8,6,0,4,1,,21,,26,1,,,2,7,1,todolist,0,2,0,7,2,12,2,0,7
clean,1,8,1,1,3,1,,7,,7,0,,,3,1,1,ToDoList---Java_SpringBoot,1,1,0,2,,3,2,0,2
clean,,13,,2,2,2,,7,3,19,0,,2,3,18,1,todos-ddd-java-example,2,1,2,3,,10,3,0,1
clean,2,9,7,1,1,1,,6,,43,2,,,15,17,1,todo_java_spring_mysql,0,0,0,1,2,5,2,15,1
clean,7,10,6,48,4,1,,15,18,45,2,9,,15,10,1,TomaziScreen_ServicoStreaming,7,4,0,3,3,2,10,4,3
clean,6,12,,2,2,1,2,10,5,31,1,,2,4,2,1,transferencia-app-clean-architecture,2,0,0,2,1,3,2,2,1
clean,3,10,,1,1,1,1,1,,21,1,6,7,1,,1,url-shortener,1,0,0,1,1,3,2,0,1
clean,1,8,1,1,1,1,,1,,6,0,,,2,1,1,URLShortener-SpringBoot,1,1,0,1,,3,2,0,1
clean,1,8,1,6,1,1,,1,,8,1,,,1,2,1,user-management-springboot,0,1,0,1,1,3,2,0,1
clean,6,9,3,2,3,1,2,4,2,18,1,9,,6,3,1,User-Role-Management,2,2,0,3,1,2,6,2,2
clean,6,10,4,3,2,1,2,2,2,23,1,12,,4,4,1,UserManagementSys,2,0,0,6,1,3,8,2,2
clean,4,10,5,2,3,1,2,7,12,48,3,15,10,8,7,1,users-crud-clean-arch,1,6,0,2,3,3,18,1,2
clean,,9,,0,1,1,,1,3,7,0,,1,1,,1,validationBrackets,0,1,0,1,,2,1,0,1
clean,4,12,3,5,2,1,2,6,11,31,3,1,,1,31,1,vehicles-service,1,0,0,2,3,5,4,1,2
clean,9,7,8,24,10,1,,16,,49,3,,,14,15,1,Vendora-APIs,6,8,0,9,3,3,2,0,8
clean,10,14,3,11,10,7,5,41,70,236,35,,18,31,6,1,Waber,3,0,13,19,26,28,7,26,17
clean,,9,3,0,1,1,,3,,8,0,,,3,5,1,weather-stats-static,0,3,0,1,,3,2,0,1
clean,,9,2,0,2,1,,10,,8,0,,,3,2,1,weather_project,0,2,0,2,,3,2,0,2
clean,2,9,2,8,3,1,,6,2,18,1,,,4,3,1,workshop-springboot3-mongodb,2,2,0,,,4,2,0,
clean,5,9,7,30,7,1,,14,,48,1,,,11,7,,WriteCue-BlogWebsite,5,6,0,5,1,6,2,0,6
clean,,9,,0,0,1,,0,,5,0,,,0,,1,ZapTrolley,0,0,0,,,3,2,0,
clean,,11,,0,0,1,,0,1,22,1,11,4,1,,1,zk-clean,0,1,0,,1,2,1,0,
layered,,8,1,0,1,1,,0,,9,0,,,4,2,1,13.SpringBootProject5,1,1,0,1,,4,2,1,1
layered,,8,5,0,3,2,,5,,50,0,,,3,46,1,3-Layer-and-Spring-Example,0,0,0,3,,5,,2,3
layered,,10,2,0,1,1,,1,,9,0,,,3,3,1,3.spring-boot-rest-crud,1,2,0,1,,3,2,1,1
layered,17,10,16,32,8,1,4,54,,101,2,,,22,101,1,accommodation-booking-service,5,9,0,11,3,14,101,8,11
layered,1,7,1,3,2,1,,11,,11,0,,,1,2,1,Actor-Api-SpringBoot-MiniProject,0,1,0,2,,5,2,0,2
layered,2,7,2,1,2,1,1,3,,13,0,,,2,2,1,amitupadhyay7-order-invoice-api,1,1,0,2,,4,2,0,2
layered,1,8,,1,1,1,,1,,5,0,,,0,,1,api-crud-user,0,0,0,1,,3,2,0,1
layered,,11,2,0,2,1,,4,,15,0,,,2,2,1,Applying-Layered-Architectural-Pattern-to-REST-API-with-Spring-Boot,0,2,0,2,,2,2,0,2
layered,13,12,13,22,9,6,,30,13,155,4,,,27,142,1,AppMonopatines,5,9,0,9,4,22,11,13,6
layered,,6,,0,0,0,,0,,47,0,,,0,,,Arabic-Text-Editor-using-design-patterns,0,0,0,,,0,,0,
layered,,11,1,0,1,1,,4,,5,0,,,2,2,1,archive-library-poc,0,1,0,1,,3,2,0,1
layered,2,8,2,2,2,1,,8,,10,0,,,4,2,1,arsitektur-berbasis-layanan-project1-2025,2,2,0,2,,3,2,0,2
layered,1,8,1,1,2,1,,3,,18,2,,,5,1,1,Artemis-Demo,0,1,0,1,1,4,2,4,1
layered,3,6,4,4,4,1,,11,,25,4,,,4,4,,Astronomy-Daily-Prediction-,0,3,0,4,3,3,1,1,4
layered,5,7,5,5,6,1,,60,,31,0,,,10,10,1,Attendance-Management-Application,5,5,39,5,,3,31,0,5
layered,3,10,3,0,3,1,,13,,24,2,,,7,5,1,auth-facade,0,2,0,3,3,6,2,5,3
layered,4,11,9,4,4,1,,21,20,83,2,,,30,17,,auth_layer_architecture_springboot,4,11,0,6,3,3,17,14,6
layered,3,9,1,3,2,1,,4,,17,1,,,3,2,1,Backend_Traini8_Shreya,2,1,0,1,1,3,2,0,1
layered,2,12,7,2,4,1,,5,3,30,1,,,6,8,1,banco-digital,2,4,0,5,2,3,2,0,5
layered,1,8,1,1,0,1,,0,,6,0,,,3,1,1,Bank-App-Layered,1,1,4,1,,3,1,1,1
layered,7,6,6,7,10,1,,15,,62,3,,,11,13,,Bank-Management-System,0,7,0,9,3,2,1,1,9
layered,2,9,1,2,2,1,,4,,16,0,,,1,2,1,Banking-App,0,1,0,1,,3,2,0,1
layered,,9,,4,1,1,,2,,10,0,,,6,1,1,Banking-Application,1,0,0,1,,3,10,4,1
layered,2,8,4,0,4,1,2,17,,17,0,,,13,6,1,Banking-Application-Software,2,6,0,4,,5,17,0,4
layered,3,8,5,3,3,1,,13,,30,3,,,8,5,1,banking-springboot,1,5,0,3,3,3,2,2,3
layered,9,11,24,9,9,1,1,12,55,105,2,,,39,55,1,banking-system,8,16,0,9,1,6,,15,8
layered,1,9,1,1,1,1,,1,,9,0,,,2,2,1,BankingApplication,1,1,0,1,,3,9,0,1
layered,1,8,1,1,1,1,,11,,6,0,,,1,1,1,BankManagementSystem,0,1,0,1,,3,2,0,1
layered,3,9,3,5,3,1,,13,,37,1,,,8,6,1,base-project,3,4,0,3,1,3,2,1,3
layered,1,7,2,12,1,1,,13,,19,4,,,3,2,1,be-test-quantum,1,1,0,1,4,2,,1,1
layered,2,9,4,2,3,1,,19,,26,2,,,6,7,,Billing-Software,0,4,0,3,2,3,2,2,3
layered,,10,6,11,6,1,,49,,47,3,,,9,11,1,Blog-Application,0,6,0,5,3,5,47,3,5
layered,,9,5,8,5,1,,37,,33,0,,,5,10,1,Blog-Application-Backend,0,5,0,4,,3,33,0,4
layered,4,10,4,8,4,1,,13,,36,1,,,7,7,1,blog-rest-api,0,4,0,3,1,3,2,3,3
layered,14,10,21,23,19,7,,47,,141,4,,,34,35,1,blogapplication,6,19,0,18,4,22,141,8,18
layered,1,9,1,1,1,1,,1,,6,0,,,1,1,1,blogpost-rest-api,0,1,0,2,,3,2,0,1
layered,1,8,1,0,1,1,,1,,7,0,,,2,1,1,book-api,1,1,0,1,,3,2,0,1
layered,1,8,1,1,2,1,,13,,7,1,,,2,1,1,Book-API-SpringBoot,1,1,0,1,1,4,2,0,1
layered,2,8,3,10,3,1,,21,,23,1,,,4,5,1,book-author-crud-api,2,2,0,5,1,9,2,0,5
layered,2,9,1,5,2,1,,4,,11,0,,,1,3,1,book-management-system,0,1,0,2,,2,1,0,1
layered,,8,,0,0,1,,0,,22,0,,,0,,1,BOOK-MY-SHOW-Low-Level-Design,0,0,0,,,3,2,0,
layered,7,9,6,9,6,1,,7,,44,2,,,7,6,1,Book-Store,0,6,0,5,2,3,2,1,5
layered,4,8,5,6,1,1,,4,,32,2,,,12,8,1,book-vault,3,6,0,,2,3,2,3,
layered,3,9,3,3,4,1,,5,7,38,0,,,8,6,,booking_flight_app,2,4,0,3,,3,2,2,3
layered,4,9,3,8,3,1,,7,,42,1,,,8,3,1,BookMyShow,4,4,0,2,2,3,2,0,2
layered,,8,1,1,2,1,,3,,12,0,,,3,2,1,books-crud-rest-api,1,1,0,1,,3,2,1,
layered,2,8,,2,2,1,,15,,11,0,,,0,2,1,BookStore-API,0,0,0,2,,3,2,0,2
layered,2,9,6,2,3,1,,7,,38,2,,,8,7,1,book_management_backend,0,4,0,2,2,3,2,4,2
layered,8,10,4,4,3,1,,9,,20,0,,,7,5,1,Boost-EurovisionSongContestApp,3,3,4,3,,3,2,1,3
layered,9,8,11,17,10,1,,48,,109,4,,,21,21,1,BorekStore,6,11,0,20,4,5,2,5,10
layered,4,11,5,5,4,1,,10,3,32,2,,4,9,7,1,bp-archunit-examples,0,7,15,4,2,3,3,0,4
layered,4,8,1,4,2,1,,4,,17,0,,,5,1,1,Buy-Now-Pay-Later-Backend,4,1,0,2,,3,5,0,2
layered,4,8,4,12,5,1,,8,,33,0,,,10,8,1,ByteBlog,0,4,0,4,,4,2,0,4
layered,4,9,,4,1,1,,2,,10,0,,,4,,1,Cab-Booking-System,3,0,0,,,3,2,0,
layered,2,8,2,2,2,1,,2,,14,0,,,6,2,1,cadastro-ninjas,2,2,0,2,,3,2,2,2
layered,,9,2,0,1,1,,1,,8,0,,,1,2,1,calculator-mvc,0,1,0,2,,6,2,0,2
layered,,9,1,0,2,1,,7,,6,0,,,2,1,1,calculator-springboot-thymeleaf,0,1,0,2,,3,2,0,2
layered,,8,5,0,6,1,,44,,28,0,,,10,5,1,Campus-Recruit-API,5,5,12,6,,3,7,0,6
layered,,9,5,0,6,1,,44,,28,0,,,10,5,1,CampusRecruit-API,5,5,12,6,,3,7,0,6
layered,1,11,1,1,1,1,,1,,13,1,,,2,2,1,Car-Rental-System,0,1,0,1,1,3,2,1,1
layered,2,9,2,0,0,1,2,0,,10,1,,,4,2,1,Children-Daycare,2,2,0,,1,4,2,0,
layered,,8,1,1,1,1,,9,2,15,0,5,1,5,1,1,clean_architecture_spring_boot,0,3,2,1,2,3,5,2,1
layered,2,11,,1,1,1,1,6,1,11,1,4,2,1,,1,Clean_Arch_With_Spring,0,0,0,1,1,3,6,0,1
layered,1,9,1,6,2,1,,10,,13,1,,,2,1,1,client-spring-rest,1,1,0,1,1,3,2,0,1
layered,2,9,3,1,3,1,1,4,,16,0,,,2,4,1,Cloud-Vendor,0,1,4,3,,19,2,0,3
layered,2,9,,1,2,1,1,3,,14,0,,,1,3,1,CloudVendorAPI,0,1,0,1,,5,2,0,1
layered,2,8,2,2,2,1,,2,,10,0,,,2,2,1,codec_project_2_ecommerce_app,0,2,0,2,,3,2,0,2
layered,1,8,1,3,2,1,,12,,10,0,,,1,1,1,CoderHack,0,1,0,1,,3,2,0,1
layered,1,8,1,1,1,1,,3,,9,0,,,1,1,1,coffee-orders,0,1,0,2,,4,1,0,2
layered,1,8,1,0,1,1,1,2,1,6,0,,,3,1,1,ColtWarrenAssignment11,1,1,0,1,,2,2,0,1
layered,14,10,8,2,5,1,4,9,17,75,1,29,5,20,8,1,Commercia-360-API,4,4,0,6,1,5,28,12,5
layered,1,9,4,1,1,1,,8,,9,0,,,4,9,1,country-service-app,0,2,0,2,,3,2,2,1
layered,4,7,4,32,5,1,,23,,26,0,,,12,4,1,Course_Enrollment_System,8,4,0,4,,3,2,0,4
layered,1,8,3,0,8,1,1,11,,27,1,,,21,7,1,COVID-19-Impact-Analysis-API-,2,19,0,8,1,3,2,4,7
layered,1,7,1,1,1,1,,1,,7,0,,,1,2,1,crud,0,1,0,1,,3,2,0,1
layered,1,8,1,1,2,1,,2,,6,0,,,2,1,1,crud-kasumi-api,1,1,0,1,,3,2,0,1
layered,3,9,4,3,4,1,,8,,22,1,,,10,7,1,CRUD-LOGIN-Security-Spring-Application,3,7,11,4,1,3,22,0,4
layered,1,7,1,5,3,1,,7,,8,0,,,1,1,1,crud-spring-boot,0,1,0,1,,3,2,0,1
layered,1,9,1,1,2,1,,2,,8,1,,,3,1,1,CRUD-With-SpringBoot-and-Architecture-Layered,1,1,0,2,1,3,2,0,2
layered,1,9,1,1,1,1,,1,,7,0,,,1,2,1,CRUDBackend-LayeredArchitecture-SpringBoot-ReactJS-MySQL,0,1,0,1,,2,,0,1
layered,5,7,12,25,5,1,,23,9,89,3,,,10,15,1,Cryptocurrency-Wallet,2,8,0,7,5,10,1,0,7
layered,2,8,4,8,3,1,,14,,35,7,,,9,4,1,CurrencyXRatesRedisRabbitMQ,2,3,0,3,5,6,2,4,3
layered,1,8,2,1,1,1,,1,,9,1,,,1,3,1,customer-management-backend,0,1,0,1,1,3,,0,1
layered,,12,3,3,3,1,,3,,23,0,,,6,6,1,Customer-Management-System,3,3,3,3,,3,2,0,3
layered,,8,1,4,1,1,,3,,14,0,,,3,1,1,CustomOrderSystem-SpringApplication-,0,1,0,1,,4,14,1,1
layered,4,8,4,5,4,1,,4,,19,0,,,4,4,,databaseAPI,0,4,10,4,,3,2,0,4
layered,1,8,1,2,3,1,,11,,13,0,,,2,2,1,DataHandlingValidationApplication,1,1,0,1,,3,13,0,1
layered,12,9,7,4,3,1,5,3,30,73,0,1,,12,7,1,ddd-layered-example,4,6,0,3,,3,6,2,3
layered,1,6,1,1,1,1,,7,,5,0,,,1,1,,DemoApplication,0,1,0,1,,2,5,0,1
layered,3,8,6,9,4,1,,24,15,46,1,14,,6,8,1,DietPlanFullStackApplication,0,4,0,6,1,15,46,2,6
layered,1,8,1,1,2,1,,5,,11,0,,,1,2,1,digital-library,0,1,0,1,,3,2,0,1
layered,3,8,3,3,1,1,,1,,15,0,,,1,15,1,Digital-Wallet-MicroService-RESTful-API,0,1,0,1,,3,2,0,1
layered,,9,7,20,7,1,,12,,42,0,,,6,13,1,dockerize-car-rent-management-system-api,0,6,11,8,,4,1,0,8
layered,,6,,0,0,0,,0,,1,0,,,0,,,DollarsBankApp,0,0,0,,,0,,0,
layered,1,8,1,1,3,1,,7,,9,0,,,1,1,1,DoneDesk,0,1,0,2,,3,2,0,1
layered,3,9,4,13,3,1,,4,,29,2,,,7,4,1,dream-games-backend-engineering-case-study,3,2,0,2,2,3,2,2,2
layered,2,9,2,2,2,1,1,4,,13,1,,,4,2,1,DTO-CRUD,1,2,0,1,1,3,2,0,1
layered,9,10,11,21,6,1,,45,,93,5,,,27,11,1,E-Learning-Management-System,9,9,0,4,5,5,3,9,4
layered,4,9,13,19,6,1,,24,,77,7,,,14,22,1,e-shop,4,7,0,10,7,6,2,3,10
layered,5,13,9,44,6,1,1,16,,85,6,,,19,14,1,easymenu,4,10,0,10,6,15,2,5,10
layered,1,7,3,5,3,1,,3,,24,1,,,6,3,1,ecommerce-db-maven-api-javafx_backend,2,3,0,5,1,8,,1,4
layered,2,9,3,14,3,1,,9,,28,3,,,6,5,1,ecommerce-spring-back,2,3,0,2,3,4,3,1,2
layered,4,10,5,24,5,1,,8,,51,3,,,13,10,1,ECommerceAPI,4,5,0,4,3,4,2,3,4
layered,,9,,1,1,1,,4,,6,0,,,3,1,1,ecommerce_backend_java,1,1,0,1,,3,2,1,
layered,4,9,9,37,5,1,,7,,42,1,,,9,13,1,EduConnect,4,5,13,4,1,5,2,0,4
layered,,6,,,,,,,,0,,,,,,,EduPanel,,,,,,,,,
layered,,9,4,0,5,1,,39,,25,0,,,8,4,1,EduTrack,4,4,17,4,,3,2,0,4
layered,1,8,1,1,1,1,,1,,6,0,,,2,1,1,employee-api,1,1,0,1,,3,2,0,1
layered,1,8,1,1,1,1,,1,,7,0,,,2,1,1,employee-crud,1,1,0,2,,5,2,0,2
layered,1,8,1,4,3,1,,13,,15,0,,,1,2,1,Employee-Data-Handler,0,1,0,1,,2,2,0,1
layered,,6,1,0,1,1,,10,,8,0,,,2,2,,employee-management,1,1,0,1,,4,1,0,1
layered,1,8,1,1,1,1,,1,,8,0,,,2,2,1,employee-Management-,1,1,1,1,,3,2,0,1
layered,1,9,1,1,1,1,,1,,6,0,,,2,1,1,employee-management-system,1,1,0,1,,3,2,0,1
layered,1,7,1,1,1,1,,5,,7,0,,,3,2,,Employee-Management-System-A-Spring-Boot-CRUD-Web-Application,1,1,6,1,,3,7,0,1
layered,1,9,1,1,1,1,,2,,10,0,,,1,2,1,Employee-Management-System-Backend-,0,1,0,1,,3,2,0,1
layered,,10,1,1,1,1,,1,,6,0,,,2,1,1,Employee-Portal,1,1,0,1,,3,2,0,1
layered,1,8,3,7,2,1,,4,,16,2,,,2,16,1,employee-service,1,1,0,2,2,3,2,0,2
layered,1,9,5,3,3,1,,8,,25,1,,,4,8,1,EmployeeApp,1,3,1,3,1,3,3,0,3
layered,1,7,,1,1,1,,1,,5,0,,,1,,1,EmployeeCRUDProject,0,1,0,1,,2,1,0,1
layered,1,9,1,1,2,0,,4,,11,2,,,1,2,1,EmployeeDirectory,0,1,0,1,2,0,,0,1
layered,1,8,2,4,4,1,,9,,14,1,,,3,3,1,EmployeeManagementApplication,0,1,0,4,1,5,14,0,4
layered,2,10,2,9,3,1,,4,,23,0,,,4,4,1,EmployeeManagementSystem,2,2,0,2,,3,2,0,2
layered,1,9,1,1,2,1,,3,,11,0,,,2,2,1,employeeMangement,1,1,0,1,,3,2,0,1
layered,1,8,1,1,1,1,,1,,6,0,,,1,1,1,Employee_Management_Springboot,0,1,0,1,,3,2,0,1
layered,1,9,1,1,1,1,,2,,10,0,,,1,2,1,ems-backend,0,1,0,1,,3,2,0,1
layered,1,9,2,9,2,1,,3,,12,0,,,1,3,1,ems-rest-api,0,1,0,2,,3,2,0,2
layered,,10,5,0,3,1,,11,,34,1,,,13,10,1,EncheresWebApp,5,5,0,3,1,3,2,0,3
layered,1,8,3,1,2,1,,4,,11,1,,,2,11,1,estore-product-service,1,1,0,1,1,3,2,0,1
layered,2,10,2,2,3,1,,7,,21,0,,,2,4,1,Event-Management-System,0,2,0,2,,3,2,0,2
layered,5,7,5,5,5,1,,5,,30,0,,,13,6,1,EventManagementApp,8,5,0,5,,3,2,0,5
layered,4,8,5,30,6,1,,42,,31,0,,,11,5,1,EventMangament,6,5,0,5,,3,2,0,5
layered,9,8,10,11,8,1,,20,,74,1,,,21,19,1,Ex-Manage,9,9,0,16,1,4,2,4,8
layered,1,8,1,2,1,1,,2,,6,0,,,2,1,1,Expense-tracker,1,1,0,1,,3,2,0,
layered,5,11,11,15,14,6,,74,,149,12,,,24,20,1,expensetracker,5,10,0,9,14,20,12,9,9
layered,3,8,5,3,3,1,,31,,23,1,,,8,5,1,Expense_Management_Backend,3,5,0,4,1,5,2,0,4
layered,,12,,0,4,1,,8,,38,0,,,8,,1,Extended-MVC-Architecture-Layered-with-SpringBoot-Data-JPA-Maven-Web-MVC-Point-of-Sales-System-POS-,5,0,22,3,,2,,3,3
layered,,10,4,0,1,1,,6,6,12,0,,,2,5,1,External_API_Calling_System,0,2,0,2,,3,4,0,2
layered,,9,,2,1,1,,14,,6,0,,,2,1,1,E_Commerce_Backend,1,1,0,1,,3,2,0,
layered,3,10,11,5,4,1,,10,,65,3,,,9,14,1,FemCoders-Mentor-Hub-Backend,0,6,0,6,3,9,2,3,6
layered,3,9,2,3,3,1,,7,,24,1,,,8,4,1,FirstSPringBootProject,2,2,0,3,1,6,2,4,3
layered,3,7,5,11,4,1,,11,,65,1,,,9,8,1,FitnessTrackerAPI,3,5,0,3,1,2,10,1,3
layered,3,9,7,3,4,1,,33,,56,0,,,7,10,1,flashcards-api,0,3,0,7,,14,2,4,7
layered,,10,6,7,3,1,,19,,38,2,,,9,6,1,flight-boot,0,6,0,3,2,4,4,3,3
layered,2,8,2,2,2,1,,2,,10,0,,,2,2,1,Flight_Booking,0,2,0,2,,3,2,0,2
layered,,6,,,,,,,,0,,,,,,,FootLockerApp,,,,,,,,,
layered,2,10,5,10,5,1,,16,,35,2,,,9,9,1,foro_hub,2,5,0,4,2,3,2,2,4
layered,4,10,4,4,4,1,,4,8,30,0,,,12,8,1,Full-Stack-2-Assignment-1,4,4,0,4,,3,18,4,4
layered,2,8,2,5,2,1,,12,,18,1,,,2,2,1,gameslist,0,2,0,2,1,3,2,0,2
layered,1,8,1,0,1,1,1,4,,7,0,,,1,1,1,global-superstore,0,0,0,1,,3,2,0,1
layered,6,9,3,3,3,1,,12,,17,0,,,7,3,1,Good-Reads-Advanced,4,3,0,3,,3,2,0,3
layered,4,9,4,4,5,1,,36,,35,1,,,5,8,1,Grade-Management-System-Rest-Api-Spring-Boot,0,4,0,4,1,4,3,1,4
layered,,9,1,0,1,1,,3,,5,0,,,0,1,1,grade-submission,0,0,0,1,,3,2,0,1
layered,6,11,6,7,2,1,,3,18,63,0,31,,13,12,,graphql-implementation,0,11,0,2,,3,14,1,2
layered,3,11,3,3,3,1,,19,,43,1,,,8,3,1,Guess_Card_Game,0,3,0,4,1,3,2,2,4
layered,6,8,1,6,5,1,,12,,22,0,,,0,1,1,ha_web_deployment_2,0,0,0,6,,5,2,0,6
layered,2,13,2,8,3,1,1,6,,30,2,,,6,2,1,hello-spring-layered-architecture,1,1,0,9,1,13,,4,7
layered,4,15,4,12,8,3,,27,21,97,6,44,14,9,4,1,hexagonal-architecture,1,6,0,1,5,12,28,1,1
layered,1,11,,2,1,1,,1,6,14,1,3,2,3,,1,hexagonal-architecture-clean-arch,1,0,0,1,1,4,2,2,1
layered,,12,2,9,3,1,,7,7,41,4,,,7,4,1,hexagonal-architecture-with-spring-boot-practice,2,2,0,3,3,2,,3,3
layered,4,8,4,8,5,1,,40,,21,1,,,8,4,1,HMSBackend,1,4,0,4,1,2,1,0,4
layered,14,8,14,54,11,1,1,19,,111,4,,,37,111,1,homeService,9,12,0,11,4,3,1,16,11
layered,2,6,2,0,0,0,2,0,,8,0,,,0,2,,Homework4,0,0,0,,,0,,0,
layered,4,8,6,4,5,1,,37,,27,1,,,5,6,1,hoobank_backend,0,5,16,5,1,8,2,0,5
layered,12,9,13,42,13,1,,117,,134,2,,,25,24,1,hospital-management-app,11,13,0,12,2,3,3,1,12
layered,3,8,3,9,3,1,,6,,15,0,,,4,3,1,hospital-management-system,1,3,0,3,,3,2,0,3
layered,3,11,,3,1,1,,4,,9,0,,,3,,1,HospitalManagmenetSystem,3,0,0,1,,3,2,0,1
layered,,12,8,10,8,1,,17,,57,0,,,7,57,1,hotel-management-service,0,7,0,7,,3,2,0,7
layered,4,10,3,4,2,1,,2,,18,0,,,5,6,1,hotel-management-system,1,3,0,2,,3,2,0,2
layered,3,9,6,3,3,1,,5,,26,0,,,6,9,1,Hotel-Management-System-Spring-Boot,3,3,0,6,,3,1,0,6
layered,1,11,3,1,1,1,,2,,24,2,7,,6,3,,house-of-chaos-main,1,3,0,1,2,3,2,2,1
layered,1,9,1,1,1,1,,1,,5,0,,,1,1,1,hr-portal,0,1,0,1,,2,1,0,1
layered,1,8,1,1,1,1,,13,,10,2,,,2,2,1,human-resources-backend,1,1,0,1,2,3,2,0,1
layered,4,9,9,37,5,1,,7,,42,1,,,9,13,1,Idelkadi_Radia_S3_B2_EduConnect,4,5,13,4,1,5,2,0,4
layered,1,7,1,1,1,1,,1,,8,0,,,1,1,1,insurance-manager,0,1,0,1,,3,2,0,1
layered,1,9,7,17,8,2,1,44,,80,1,,,15,18,1,Integrative-Software-Engineering,5,7,0,8,1,8,40,3,8
layered,1,8,1,1,1,1,,1,,6,0,,,2,1,1,Inventory-Management-System,1,1,0,1,,3,2,0,1
layered,7,9,6,9,7,1,,11,,39,2,,,9,6,1,Inventory_Forecasting_Backend,0,6,0,6,2,3,2,3,6
layered,,10,1,1,1,1,,1,,7,0,,,1,2,1,Invoice-Porcessing-System,0,1,0,1,,3,2,0,1
layered,3,8,1,3,2,1,,2,,13,0,,,2,1,1,issuetracker,1,1,0,2,,3,2,0,2
layered,1,13,1,9,1,1,,1,3,16,1,,,2,2,,java-aws-lambda,1,0,0,4,1,2,1,2,1
layered,2,6,4,2,3,1,,4,,16,0,,,4,6,1,Java-Crud,2,2,0,2,,5,1,0,2
layered,1,7,1,1,1,1,,2,,8,0,,,1,2,,Java-human-resources-app,0,1,0,1,,3,2,0,1
layered,3,9,4,3,2,1,,4,3,18,0,,,2,18,1,java-microservice-reference,0,2,9,4,,11,2,0,4
layered,,9,,1,1,1,,6,,8,0,,,2,1,1,Java-NTier-Architecture,1,1,3,1,,4,2,0,1
layered,7,8,1,17,1,1,,9,,24,1,,,2,4,1,Java-Spring-Boot-Backend-Vacation-Planner,0,1,0,1,1,4,2,1,1
layered,2,9,2,0,3,1,2,9,,23,2,,,3,4,1,Java-Spring-Boot-Based-Banking-System-APIs,0,2,0,2,2,5,2,1,2
layered,1,8,2,1,2,1,,15,,11,0,,,2,2,1,java-spring-boot_crud-products,1,1,0,1,,3,2,0,1
layered,4,10,5,14,8,1,,20,,60,7,,,10,7,1,java-todolist,2,5,0,9,3,7,3,3,3
layered,2,8,2,3,2,2,1,5,,19,0,,,2,19,,java17-springboot-task-tracker-rest-api-microservice,1,1,0,2,,7,1,0,3
layered,,8,,1,1,2,,3,,9,0,,,1,1,1,Java6Project-SpringBoot-1,0,1,5,1,,6,4,0,1
layered,1,11,,1,2,1,,2,,5,0,,,0,,1,JavaProductApi,0,0,0,2,,3,2,0,1
layered,,9,,0,1,1,,6,,9,0,,,2,1,1,javaSpringBootDemo,1,1,2,1,,3,2,0,1
layered,2,8,2,1,1,1,1,1,,12,0,,,3,2,,java_demo,1,1,0,2,,9,2,1,2
layered,1,9,3,13,1,1,,4,4,30,5,,,5,5,1,jee-architecture-spring-boot-dto,1,1,2,1,5,3,1,3,1
layered,,10,1,0,1,1,,2,,6,0,,,5,1,1,Job-App,1,1,0,1,,3,2,1,1
layered,7,9,10,45,10,1,,21,,72,6,,,27,16,1,job-application-system,5,10,0,9,6,3,72,8,9
layered,3,8,3,3,3,1,,8,,17,0,,,3,6,1,job-portal-springboot,0,3,0,3,,3,2,0,3
layered,1,8,1,3,1,1,,1,,6,0,,,2,1,1,Job-Post-Management-API,1,1,0,1,,3,2,0,1
layered,,9,1,0,1,1,,2,,5,0,,,4,1,1,JobApplication,1,1,0,1,,2,5,1,1
layered,1,8,1,9,1,1,,1,,10,0,,,3,2,1,JobPortal,1,1,0,1,,3,2,0,1
layered,2,8,5,10,6,1,,11,,20,2,,,6,6,1,Journal_Apllication,0,0,0,6,,8,2,3,5
layered,2,9,2,0,0,1,2,0,,16,0,,,0,2,1,jwt-authentication-starter,0,0,0,,1,3,2,0,
layered,,9,2,7,3,4,,13,,22,1,,,7,4,1,KVStore-RateLimit-Cache-Kafka,0,1,0,3,2,12,8,6,3
layered,,7,,0,0,1,,0,,2,0,,,0,,1,lab-layer7-API,0,0,0,,,3,2,0,
layered,1,9,1,1,1,1,,4,,9,0,,,2,2,1,Layered-Architecture,1,1,0,1,,3,2,0,1
layered,2,8,2,2,3,1,,5,,21,1,,,4,4,1,layered-architecture-example-shop-spring-boot-,2,2,0,2,1,3,2,0,2
layered,1,8,1,1,1,1,,3,,6,0,,,2,1,1,layered-architecture-java-spring-boot-mysql,1,1,1,1,,3,2,0,1
layered,1,10,,0,0,1,,0,1,5,0,,,0,1,1,Layered-Architecture-Spring-Boot,0,0,0,,,6,5,0,
layered,,6,2,0,2,1,,4,,15,0,,,2,2,1,layered-architecture-spring-javafx,0,2,0,2,,2,2,0,2
layered,2,6,2,2,1,1,,1,,17,1,,,2,3,,layered-architecture-template,1,1,0,3,1,3,2,0,3
layered,5,10,4,2,6,1,1,16,,29,0,,,2,4,1,layered-architecture-test-code-with-spring-boot,0,2,0,9,,16,1,0,8
layered,6,11,,6,7,1,,8,,67,0,,,8,6,1,Layered-Architecture-With-Spring,2,6,0,6,1,4,2,0,6
layered,,11,,0,1,2,,3,32,52,1,,9,0,2,,layeredApplication,0,0,0,6,1,5,52,3,1
layered,,10,,0,1,1,,6,,8,0,,,2,1,1,Layered_Architecture,1,1,2,1,,3,2,0,1
layered,1,9,1,1,2,2,,3,1,12,0,,,1,2,1,learn-spring-boot-todo-api,0,3,0,1,,3,2,1,1
layered,5,8,,5,0,1,,0,,12,0,,,5,,1,library-api,5,0,0,,,3,2,0,
layered,3,8,6,3,4,1,,13,,26,1,,,7,6,1,library-management-spring-boot,3,3,0,6,1,3,2,1,6
layered,1,9,1,1,1,1,,2,,9,0,,,1,2,1,Library-Management-System-Backend,0,1,1,1,,3,2,0,1
layered,1,10,1,1,2,1,,13,,9,0,,,2,1,1,Library-Project-Backend,0,0,0,2,,3,2,2,2
layered,6,11,7,25,6,1,1,16,,49,5,,,13,7,1,LibraryApi,0,5,0,16,5,2,1,7,5
layered,2,8,2,4,2,1,,11,,13,0,,,4,2,1,likedin,2,2,0,2,,3,2,0,2
layered,3,8,7,8,5,1,,11,,45,1,,,10,7,,LMS-Spring,3,7,0,5,2,2,,0,5
layered,1,9,2,1,2,1,,7,,11,0,,,3,2,1,LoanAPITask,0,2,0,2,,3,2,1,2
layered,1,9,2,1,2,1,,10,,11,0,,,3,2,1,loanapiTaskNew,0,2,0,2,,3,2,1,2
layered,,9,1,0,1,1,,4,1,20,1,,,2,1,1,localgov-backend,0,1,0,2,4,3,2,1,1
layered,3,11,4,3,4,1,,6,,27,1,,,10,4,1,Lost-Found,3,4,0,4,1,3,2,2,4
layered,10,9,6,16,2,1,3,5,,71,2,,,17,8,,lovelyTrip,5,2,0,2,3,6,2,9,2
layered,5,8,5,6,7,1,,29,,49,1,,,12,10,,Many2Many_Spring,5,5,0,11,,5,1,2,6
layered,,8,,0,0,1,,0,,2,0,,,0,,1,marketplace,0,0,0,,,3,2,0,
layered,1,9,7,1,2,2,,4,,17,0,,,4,17,1,MediTrack,1,2,0,1,,6,4,0,1
layered,,12,2,0,3,6,,6,30,30,1,,,1,30,1,microservices-architecture-spring-cloud-domain,0,1,0,,1,18,12,0,
layered,1,10,,2,1,1,,6,,11,1,,,3,2,1,mini-n-layered-product-managing-mongodb-project,1,2,0,2,1,4,2,0,2
layered,1,9,1,2,2,1,,12,,13,0,,,4,2,1,Mini-Project-Backend-using-Springboot,0,1,2,2,,3,2,2,2
layered,1,8,2,1,2,1,,3,,14,0,,,1,2,1,mk-fashion-rewards-api,0,1,0,2,,6,2,0,2
layered,2,10,1,5,2,1,,18,,26,0,,,4,5,1,monkcommerce-backend,1,1,0,1,,3,2,2,1
layered,2,9,2,2,2,1,,5,,17,1,,,4,2,1,monstershop,1,2,0,2,1,3,2,0,2
layered,2,9,2,2,3,1,,7,,19,1,,,2,2,1,monstershop-api,0,2,0,2,1,3,2,0,2
layered,,8,1,0,1,1,,2,,5,0,,,1,1,1,Monthly-Challenge-App,0,1,0,1,,3,2,0,1
layered,5,9,4,5,4,1,,6,,35,1,,,4,8,1,MOS-Burgers-Backend,0,4,0,4,1,2,,0,4
layered,6,9,6,6,6,1,,6,,38,1,,,6,12,1,MOS_Burgers_Project_Back-end,0,6,0,6,1,2,,0,6
layered,3,8,3,3,1,1,,1,,16,0,,,3,3,1,MovieDirectoryBackend,0,3,0,1,,3,2,0,1
layered,3,8,6,7,4,1,,29,,33,2,,,6,8,1,Movie_Api_Backend,0,6,0,3,2,3,3,0,3
layered,,8,,0,0,1,,0,,3,0,,,0,,1,mug-up-postgresql,0,0,0,,,3,2,0,
layered,,9,3,0,1,1,,3,29,29,2,,,1,5,1,multichannel-architecture-spring-boot-domain,0,1,0,,2,2,1,0,
layered,1,10,3,1,2,1,,6,,13,0,,,2,13,1,my-java-api,1,1,0,1,,3,2,0,1
layered,,13,4,0,1,1,,18,,42,3,,,6,7,1,my-springboot-app,0,1,0,1,3,5,1,5,1
layered,,10,,5,1,1,,6,,15,0,,,1,1,1,northwind,0,1,0,1,,3,2,0,1
layered,,9,,6,2,1,,15,,22,0,,,2,2,1,northwind-project-backend,0,2,19,2,,3,2,0,2
layered,,12,2,2,4,1,,8,,27,0,,,6,4,1,NoteControllerV2,2,2,0,27,,3,2,1,4
layered,4,8,1,4,4,1,,5,,19,1,,,7,1,1,ob-hibernate-project,5,1,0,4,1,3,2,0,4
layered,4,8,4,5,5,1,,23,,34,0,,,10,8,1,One2Many_Spring_Rest,4,4,0,8,,3,1,1,4
layered,3,8,3,4,4,1,,19,,25,0,,,8,6,1,One2one-Entity-Rest,3,3,0,6,,3,1,1,3
layered,,8,6,8,9,1,,40,,65,1,,,10,12,1,online-food-delivery-system,0,6,0,9,1,5,2,3,8
layered,2,7,1,2,1,1,,1,,9,0,,,1,2,1,Online_Banking_System,0,1,0,1,,3,2,0,1
layered,6,10,7,9,6,1,,15,,35,1,,,10,7,1,Online_food_ordering_application_Backend,2,7,0,5,1,3,35,1,5
layered,1,8,1,1,1,1,,1,,14,1,,,1,2,1,Online_Quiz_Exam_Platform-Backend,0,1,0,1,,2,,0,1
layered,3,9,3,6,5,1,,26,,30,0,,,6,6,1,OrderMangementSystem,3,3,0,4,,3,2,0,4
layered,1,8,3,1,3,1,,5,,16,0,,,5,4,1,OrganizeIt-TodoManager-SpringBoot,1,3,0,2,,4,2,0,2
layered,,9,2,0,1,0,,3,,6,0,,,3,6,,otp-delivery-service,0,2,0,1,1,0,,1,1
layered,6,7,10,2,4,1,1,9,,43,1,,,8,11,1,p2-todolist-app-ATSD,0,3,2,15,1,35,1,1,5
layered,25,14,25,17,30,1,,60,204,433,8,43,,64,51,1,panis-boot,0,54,0,29,6,6,1,10,29
layered,2,8,2,2,2,1,,6,,14,0,,,2,2,1,Patient-Appointment-Management-System,0,2,0,2,,3,2,0,2
layered,,12,2,50,10,2,,14,,88,2,,,18,12,1,Patika-Bootcamp-Hafta-12,8,10,0,8,2,6,4,0,8
layered,3,7,5,8,3,1,,6,3,29,2,,,9,5,1,payment-api,3,4,0,2,2,2,1,2,2
layered,,10,5,0,3,1,,11,,26,1,,,4,26,1,payment-validation-service,0,4,0,2,1,4,2,0,2
layered,1,9,3,3,1,1,,1,,21,0,,,1,4,1,payment_process,0,1,0,2,,4,2,0,2
layered,,7,4,3,3,1,,4,,21,1,,,5,6,1,Paysecure-API,0,4,0,3,1,3,2,1,3
layered,4,8,4,6,4,1,,24,,24,0,,,4,4,1,PayTrack,0,4,0,4,,3,2,0,4
layered,4,8,5,0,3,1,2,7,,28,0,,,10,8,1,person-address-api,0,3,0,2,,5,2,6,2
layered,2,10,2,9,2,1,1,7,1,26,2,,,2,3,1,pets.spring-boot-monolith,1,1,4,2,2,12,,0,2
layered,3,9,4,3,3,0,,11,6,22,1,,,5,4,1,petshop-application,2,3,0,2,1,1,22,0,2
layered,6,9,7,6,7,1,,7,,33,0,,,4,33,1,player-service,1,3,0,14,,17,1,0,14
layered,6,10,13,7,8,2,1,21,,90,1,,,14,46,1,pokecenter-hoenn-system,1,7,0,6,1,9,4,6,6
layered,1,9,1,1,2,1,,4,,9,0,,,2,1,1,policyapp,1,1,0,1,,3,2,0,1
layered,3,9,6,7,4,1,,29,,33,2,,,6,8,1,PopcornAPI,0,6,0,3,2,3,3,0,3
layered,3,11,2,1,1,1,1,1,3,15,1,8,1,2,2,1,portfolio-hexagonal-crud,0,1,0,1,1,3,4,1,1
layered,2,9,2,2,0,1,,0,,10,0,,,0,5,1,portfolio-management-system,0,0,0,,,3,2,0,
layered,1,8,1,1,2,1,,3,,11,0,,,2,2,,product-inventory-api,1,1,0,1,,3,2,0,1
layered,1,9,1,1,2,1,,3,,12,0,,,2,2,1,Product-Management,1,1,0,1,,3,2,0,1
layered,1,8,1,1,2,1,,2,,10,1,,,2,2,1,Product-Management-System,1,1,0,1,1,3,2,0,1
layered,1,8,1,1,1,1,,1,,8,0,,,1,2,1,ProductCategory,0,1,0,1,,3,2,0,1
layered,1,10,1,1,2,1,,5,,9,1,,,2,1,1,ProductManagement-Springboot,1,1,0,1,1,3,2,0,1
layered,2,8,2,5,3,1,,14,,22,0,,,2,22,1,productservice,0,2,0,5,,8,2,0,5
layered,1,9,1,1,1,1,,1,,7,0,,,2,2,1,product_management_system,1,1,0,1,,3,2,0,1
layered,9,8,10,15,10,1,,23,,95,1,,,28,10,1,PrototypeAlikosti,7,10,0,9,1,3,2,11,9
layered,,9,2,3,2,1,,3,,12,0,,,3,2,1,Quiz-backend,1,2,0,2,,3,2,0,2
layered,2,8,2,4,2,1,,2,,12,0,,,4,2,1,QuizAppBackend,2,2,0,2,,3,2,0,2
layered,2,10,2,9,3,1,,11,,19,0,,,4,4,1,Quiz_Mono_Repo,2,2,0,2,,3,2,0,2
layered,19,11,2,4,1,1,1,5,13,71,1,,,6,49,1,RandomUserApplication,3,1,0,1,1,4,71,3,1
layered,5,9,6,8,9,1,,54,,63,1,,,18,11,1,real-estate-ai-api,5,6,0,8,1,3,2,7,8
layered,,9,,5,4,1,,27,,30,0,,,4,4,1,RentaCarBackend,0,4,26,4,,3,2,0,4
layered,1,10,4,1,3,1,,10,,24,0,,,2,24,1,REST-API-service-example,0,2,0,6,,10,1,0,6
layered,1,9,1,1,1,1,,1,,9,0,,,2,2,1,restAPI,1,1,0,1,,3,2,0,1
layered,1,8,1,2,2,1,,5,,7,1,,,2,1,1,RestApi_SpringBoot_MySQL,1,1,0,1,1,4,2,0,1
layered,2,9,3,2,1,1,,3,,13,2,,,0,6,1,restaurant-api-springboot,0,0,3,2,2,5,2,1,2
layered,3,10,,4,1,1,1,1,5,19,0,6,1,3,,1,restaurant-management-system,2,0,0,1,,4,6,1,1
layered,3,10,6,3,3,2,,7,,39,0,,,11,6,1,Restaurants-Suggestion-App,3,6,0,3,,7,4,2,3
layered,1,9,1,1,1,1,,1,,10,1,,,2,2,1,Restful_API_Using_CRUD,1,1,0,1,1,3,2,0,1
layered,6,10,15,6,5,1,,11,,47,0,,,19,22,1,rg-pet-clinic,0,12,16,6,,4,2,2,6
layered,,10,5,3,5,1,,14,,23,2,,,8,5,1,Ride-Sharing-App-Backend,2,5,0,5,2,3,2,1,5
layered,2,9,2,19,3,1,,5,,17,0,,,4,2,,room-reservation-api,2,2,0,2,,3,2,0,2
layered,,9,1,0,1,1,,1,,7,0,,,1,1,,sanlam-shopping-cart-test,0,1,0,1,,2,1,0,1
layered,2,8,3,2,2,1,,3,,18,0,,,5,3,1,School-Management-API,1,4,0,2,,3,2,0,2
layered,4,7,4,7,4,1,,32,,22,0,,,8,8,1,school-management-system,4,4,0,4,,4,2,1,4
layered,2,9,2,2,2,1,,5,,16,0,,,4,2,1,School-Student-Management-System,0,4,0,2,,3,2,0,2
layered,2,8,2,2,2,1,,2,,12,0,,,2,4,,SchoolSystem,0,2,0,,,2,1,0,
layered,,13,3,0,3,1,,33,,48,2,,,9,7,1,SEPR-2025s,2,2,0,,2,7,3,5,
layered,1,8,2,1,1,1,,1,,5,0,,,2,5,1,shopverse,1,1,0,1,,2,1,0,1
layered,2,14,3,7,2,1,,8,11,32,1,4,,6,5,1,si729ebu202014511,2,4,0,2,1,3,6,0,2
layered,,12,,,,,,,,0,,,,,,,simple-course-registration-fullstack,,,,,,,,,
layered,1,10,1,1,1,1,,8,,6,0,2,,1,1,1,simple-crud-springboot-project,0,1,0,1,,3,2,0,1
layered,1,10,,1,0,1,,0,,5,0,,,0,,1,SimpleSpringRestAPI,0,0,0,,,3,2,0,
layered,5,9,4,7,10,1,,18,,42,1,,,4,4,1,slopsite,1,4,0,10,1,6,2,0,9
layered,,8,4,7,4,1,,9,,35,3,,,4,7,1,Smart-Student-Attendance-Backend,1,3,15,4,3,3,2,0,4
layered,4,10,4,4,2,1,,7,,20,0,,,2,8,1,smartExpenses,1,1,0,2,,3,2,0,2
layered,3,14,3,8,2,1,,5,16,39,1,5,,7,6,1,SmartHomeManagement,3,4,0,2,1,4,6,0,2
layered,3,10,2,2,1,1,1,1,,11,0,,,5,2,1,software-architecture-guide,3,2,0,1,,2,1,0,1
layered,12,11,8,54,5,1,4,25,36,115,5,,,17,113,1,spring-advanced-layer-architecture,4,4,0,9,5,17,1,9,9
layered,,8,4,0,1,1,,2,2,8,0,,,2,8,1,spring-api-project,0,2,0,1,,3,2,0,1
layered,9,10,6,5,4,1,3,13,9,67,2,,,8,9,1,spring-basic-layer-architecture,3,3,0,6,1,13,1,1,6
layered,3,8,3,3,3,1,,3,,14,0,,,3,3,1,Spring-Book-Catalog,0,3,0,3,,3,2,0,3
layered,,8,3,0,1,1,,1,,9,2,,,3,3,1,Spring-Boot,2,1,0,1,,4,2,0,1
layered,1,8,1,7,1,1,,1,,8,1,,,3,1,1,Spring-Boot-API,1,1,0,1,1,3,2,1,1
layered,,8,1,4,4,1,,4,,31,2,,,5,9,1,spring-boot-blog-app,0,5,0,4,1,3,2,0,3
layered,1,8,2,2,2,1,,13,,20,3,,,6,2,1,spring-boot-boilerplate,1,1,0,2,2,3,2,4,2
layered,1,8,1,1,1,1,,1,,9,0,,,2,2,1,Spring-Boot-Crud,1,1,0,1,,3,2,0,1
layered,1,8,1,1,1,1,,1,,7,0,,,3,2,1,Spring-Boot-CRUD-,1,1,0,1,,3,2,0,1
layered,,8,1,1,2,1,,9,,10,0,,,2,2,1,spring-boot-crud-MULTI-Controller-app,0,1,0,10,,3,2,0,2
layered,4,11,11,10,13,11,,76,,82,2,,,15,17,1,Spring-Boot-Cruds,3,11,1,10,1,33,31,0,9
layered,1,9,1,0,1,1,1,9,,8,1,,,2,1,1,spring-boot-employee-api,1,1,0,1,1,3,2,0,1
layered,1,11,2,1,2,1,,4,,26,0,,,4,3,1,spring-boot-example,1,1,4,1,,3,3,2,1
layered,5,9,11,21,4,1,,7,,38,3,,,14,13,1,Spring-Boot-Journal-app,1,7,0,4,3,12,2,4,4
layered,5,10,4,5,5,1,,38,,28,1,,,4,6,1,spring-boot-jpa-workshop,0,4,0,,1,4,2,0,
layered,,9,2,0,3,0,,17,,35,2,,,10,3,,Spring-Boot-JWT-Secuirty,1,0,0,3,2,0,,9,3
layered,,7,1,0,1,1,,0,,8,0,,,3,2,1,Spring-Boot-Layered-Application,1,1,0,1,,3,8,0,1
layered,,9,,0,1,1,,6,,9,0,,,2,1,1,Spring-Boot-Layered-Architecture-and-Persistence-API,1,1,2,1,,3,2,0,1
layered,,7,,0,0,1,,0,,2,0,,,0,,1,spring-boot-layered-architecture-api,0,0,0,,,3,2,0,
layered,1,10,2,9,1,1,,9,,9,0,,,2,3,1,spring-boot-library-app,1,1,0,2,,5,2,0,1
layered,2,8,2,10,2,1,,2,,10,0,,,2,2,1,spring-boot-mongodb-crud,0,2,0,2,,3,2,0,2
layered,1,10,1,2,3,1,,6,,15,1,,,2,1,1,spring-boot-mvc-architecture,1,1,0,1,1,3,2,0,1
layered,1,10,4,0,3,1,1,11,,28,1,,,5,7,1,Spring-Boot-NCapas-CRUD-ArrayList,1,3,0,2,1,3,2,1,2
layered,1,8,1,1,1,1,,2,,7,0,,,1,2,1,spring-boot-patient-app,0,1,0,1,,4,2,0,1
layered,2,10,4,8,3,2,,4,,17,1,,,2,5,1,Spring-Boot-Projects,0,1,0,2,1,5,17,1,2
layered,,10,2,3,2,1,,3,,12,0,,,4,2,1,spring-boot-QuizzApp,2,2,0,2,,4,2,0,2
layered,5,9,1,1,2,1,2,6,2,16,0,,,4,1,1,spring-boot-refresher,1,1,4,6,,3,2,2,2
layered,1,8,1,7,1,1,,1,,12,1,,,2,2,1,Spring-Boot-Rest-API,0,1,0,1,1,3,2,1,1
layered,4,9,4,6,3,1,,3,6,28,1,,,8,8,1,spring-boot-rest-api-mysql-jpa-crud,2,3,8,6,1,9,2,3,6
layered,1,8,1,1,2,1,,4,,13,0,,,1,1,1,Spring-Boot-REST-API-with-Database-Integration,0,1,0,1,,4,2,0,1
layered,1,9,1,1,1,1,,8,,9,1,,,2,2,1,Spring-Boot-REST-API-with-Layered-Architecture,1,1,0,1,1,3,2,0,1
layered,1,9,3,4,1,1,,1,,16,1,,,3,4,1,Spring-Boot-REST-SOAP-API-Project,1,1,2,,1,4,2,0,
layered,1,8,1,1,1,1,,1,,7,0,,,2,2,1,spring-boot-restful-api,1,1,0,1,,3,2,0,1
layered,,10,,0,1,1,,1,,8,0,,,2,2,1,Spring-boot-restFulAPI-Employee-FULL-CRUD-,1,1,0,1,,4,2,0,1
layered,1,8,2,1,8,1,,19,,20,2,,,10,2,1,Spring-Boot-Security,1,2,1,8,3,5,1,5,8
layered,1,7,1,1,1,1,,3,,6,0,,,1,1,1,spring-boot-software-engineers,0,1,0,1,,3,2,0,1
layered,1,10,1,1,1,1,,1,,7,0,,,2,2,1,Spring-boot-spring-mvc-crud,0,1,0,1,,3,2,0,1
layered,1,8,1,1,1,1,,2,,6,0,,,2,1,1,spring-boot-student-api,1,1,0,1,,3,2,0,1
layered,1,8,1,2,1,1,,1,,7,1,,,2,1,1,Spring-Boot-StudentApi,1,1,1,1,1,4,2,0,1
layered,1,6,1,1,1,1,,3,,7,1,,,2,1,1,Spring-Boot-TodoList,1,1,0,1,1,3,2,0,1
layered,,9,3,0,0,1,,0,,8,0,,,2,4,1,spring-boot-user-demo,1,1,0,,,2,1,0,
layered,,8,2,0,0,1,,0,,7,0,,,2,3,1,spring-boot-user-demo-project,1,1,0,,,2,1,0,
layered,,8,1,0,0,1,,0,,4,0,,,0,1,1,spring-boot-user-demoo,0,0,0,,,4,2,0,
layered,2,9,2,18,2,5,,2,,19,2,,,0,2,1,spring-cloud,0,0,0,2,4,15,10,2,2
layered,,11,,0,1,1,,5,,5,1,,,0,5,1,Spring-Cloud-Sleuth-Zipkin-Client-Microservice-Log-Tracing-using-Spring-Boot,0,0,0,1,1,4,2,1,1
layered,,8,1,0,1,1,,8,,8,0,,,2,8,1,Spring-Crud-with-Services,1,1,0,1,,3,2,0,1
layered,5,9,5,7,7,1,,22,,52,1,,,13,10,1,Spring-Data-Jpa,5,5,0,11,,6,2,4,6
layered,5,8,5,7,7,1,,30,,51,1,,,11,10,1,spring-data-jpa-restful-api-starter,5,5,0,11,,6,2,2,6
layered,1,8,,2,0,1,,0,,4,0,,,1,,1,spring-data-rest,2,0,0,,,3,2,0,
layered,3,13,1,0,2,1,1,9,7,23,1,6,,3,1,1,spring-ddd,1,1,0,1,1,2,3,1,1
layered,1,8,1,2,2,1,,11,,11,0,,,4,2,1,Spring-Dto,1,1,0,2,,3,1,1,1
layered,3,10,9,3,1,1,,8,,28,1,,,8,10,1,spring-layered-architecture,1,4,15,2,1,8,1,2,2
layered,1,8,2,2,1,1,,8,,17,0,,,2,2,1,spring-multi-layer-testing,1,1,0,1,,3,2,0,1
layered,4,7,4,5,4,1,,4,,18,0,,,8,4,1,spring-mvc-demo-stillwater,4,4,0,4,,3,2,0,4
layered,2,9,2,4,3,1,,19,,24,0,,,3,4,1,Spring-Rest-Jpa,1,2,0,4,,4,2,1,2
layered,1,8,1,1,1,1,,5,,11,1,,,5,2,1,Spring-Security-Demo,1,1,0,1,1,4,2,3,1
layered,1,9,1,2,1,1,,8,,8,0,,,3,8,1,Spring-Student-Service,1,1,0,2,,4,2,1,1
layered,3,10,6,2,1,2,1,8,,18,3,,,2,14,1,spring-testing-mastery,0,2,0,2,3,14,3,0,2
layered,1,8,1,0,2,1,1,5,1,10,0,,,4,1,1,SpringBackEndDesign1,1,1,0,2,,2,1,1,2
layered,1,8,1,1,1,3,,8,,15,0,,,2,1,1,SpringBoot,1,1,0,1,,9,6,0,1
layered,,8,1,0,1,1,,0,,10,0,,,5,2,1,SpringBoot---Mini-project-01,2,1,0,1,,3,1,1,1
layered,,10,3,0,4,1,,8,20,38,1,,,6,6,1,springboot-amalitech-lab09-task-manager,3,3,0,4,1,3,2,0,4
layered,1,9,1,2,2,1,,8,,18,0,,,4,2,1,SpringBoot-API-Exception-Handler,1,1,0,2,,4,2,2,1
layered,2,9,2,1,2,1,1,3,,15,1,,,1,3,1,springboot-app-with-layered-testing,0,1,0,3,1,8,2,0,2
layered,1,9,1,1,1,1,,1,,6,0,,,2,1,1,springboot-book-api,1,1,0,1,,3,2,0,1
layered,4,9,2,10,2,1,2,2,4,23,1,,,6,4,1,springboot-bookstore-api,2,2,0,4,1,9,2,2,4
layered,9,11,9,80,10,1,,18,,97,1,,,18,18,1,springboot-church-api,9,9,0,9,1,3,2,0,9
layered,6,8,10,14,7,1,1,11,,71,1,,,10,15,1,SpringBoot-CourseManagement,5,5,0,14,1,21,2,0,14
layered,4,10,3,17,4,1,,6,,37,2,,,7,6,1,SpringBoot-CRUD,4,3,6,3,2,5,2,0,3
layered,2,9,2,1,2,1,1,1,,9,0,,,1,2,1,springboot-crud-api,0,1,0,2,,6,2,0,2
layered,1,9,1,1,1,1,,1,,10,1,,,1,2,1,Springboot-crud-dto-architecture,0,1,0,1,1,3,2,0,1
layered,7,8,1,1,0,1,,0,,7,0,,,2,2,1,Springboot-data-jpa-Crudoperation-using-CrudRepository,0,1,0,,,4,2,1,
layered,2,8,2,2,2,1,,5,,18,0,,,5,2,1,springboot-delivery-optimization,2,2,0,2,,3,18,1,2
layered,,7,,0,0,1,,0,,2,0,,,0,,1,springboot-demo,0,0,0,,,3,2,0,
layered,,8,1,0,1,1,,9,,8,1,,,2,1,1,SpringBoot-Employee-CRUD,1,1,0,1,1,3,2,0,
layered,1,8,,1,1,1,,10,,6,0,,,1,6,1,springboot-employee-service,1,0,6,1,,3,2,0,1
layered,1,9,1,1,2,1,,3,,10,0,,,1,2,1,springboot-exception-handling-api,0,1,0,1,,3,2,0,1
layered,4,9,5,12,5,1,,6,,23,0,,,9,5,1,springboot-fundamentals,3,5,0,6,,4,2,1,5
layered,6,12,3,3,2,1,3,5,17,42,1,14,1,3,5,1,springboot-hexagonal-ddd-sample,2,0,0,5,1,8,10,1,5
layered,,9,2,2,2,1,,2,,12,0,,,2,4,1,springboot-job-api,0,2,0,2,,3,2,0,2
layered,5,9,2,7,0,1,,0,,17,0,,,3,2,1,springboot-jpa-hospital-app,0,2,0,,,5,2,0,
layered,5,10,1,3,1,2,2,6,,16,0,,,6,1,1,SpringBoot-JPA-Swagger-LayeredArchitecture,1,3,7,,,6,2,2,
layered,1,9,1,2,2,1,,6,,13,1,,,2,1,1,SpringBoot-MVC-Week2,1,1,0,1,1,3,2,0,1
layered,,9,1,0,0,1,,0,,8,0,,,0,2,1,Springboot-practise-backend-api,0,0,0,1,,3,2,0,1
layered,,11,22,25,20,10,,39,,111,2,,,27,38,1,SpringBoot-Projects,10,16,0,19,2,30,30,0,19
layered,,9,2,1,3,1,,14,,14,0,,,2,3,1,SpringBoot-Restfull-APIs,1,1,0,3,,6,2,0,3
layered,1,9,3,1,2,1,,9,,13,0,,,1,13,1,Springboot-restfull-webService,0,1,0,1,,3,2,0,1
layered,1,8,1,3,1,1,,1,,8,0,,,2,1,1,springboot-tuition-app-backend,1,2,0,1,,3,2,0,1
layered,1,9,1,1,1,1,,1,,6,0,,,2,1,1,SpringBootApp,1,0,0,1,,3,2,1,1
layered,1,6,1,3,2,1,,5,2,14,0,,,3,5,1,SpringBootComplete,1,1,0,2,,2,1,1,2
layered,,7,2,2,3,1,,17,,13,0,,,3,4,1,SpringBootCRUD,0,2,0,3,,3,2,0,3
layered,1,8,1,0,1,1,1,1,,6,0,,,2,1,1,SpringBootDemoProject,1,1,0,1,,3,2,1,1
layered,1,8,2,6,1,1,,1,,9,0,,,1,3,1,SpringBootExample,0,1,4,1,,4,2,0,1
layered,,8,1,0,1,1,,2,,5,0,,,3,1,1,SpringBootExcelReport,0,1,0,1,1,2,,2,1
layered,2,10,5,6,6,3,,23,,48,2,,,7,31,1,SpringBootExercise,1,5,0,4,2,12,5,2,4
layered,2,8,1,2,1,1,,2,2,8,0,,,2,1,1,SpringBootHibernate,1,1,6,1,,3,2,0,1
layered,1,8,2,1,1,1,,4,,9,0,,,4,2,1,SpringBootKafkaIntegration,0,0,6,1,,3,2,4,1
layered,,7,,0,0,1,,0,,2,0,,,0,,1,SpringBootLayeredArchitecture,0,0,0,,,3,2,0,
layered,12,10,14,39,18,4,,28,,74,8,,,27,54,1,SpringBootPrj,8,8,0,15,8,15,10,0,15
layered,1,8,1,1,1,1,,2,,6,0,,,1,1,1,springbootproject,0,1,0,1,,3,2,0,1
layered,,10,,0,1,1,,2,,4,0,,,0,,1,SpringBootRestAPI,0,0,0,1,,3,2,0,1
layered,5,12,1,7,2,1,2,10,,33,9,,,1,18,1,springbootstrap,0,1,9,1,5,8,1,0,1
layered,1,9,2,1,3,1,,7,,13,0,,,2,4,1,SpringBootStudentCrud,0,2,4,1,,3,2,0,1
layered,2,8,3,1,1,1,1,1,,14,0,,,2,3,1,SpringBootTestingExercise,1,1,2,3,,14,2,0,1
layered,2,9,2,2,4,1,,7,,25,1,,,4,2,1,SpringBootW2_2.4-2.10,2,2,0,2,1,3,2,0,2
layered,4,9,9,14,8,5,,24,,76,0,,,22,15,1,SpringBoot_Mini_projects,1,9,0,9,,26,10,7,9
layered,3,9,4,4,2,1,,8,,30,2,,,7,7,1,SpringBoot_RefreshToken_JWT,1,3,0,4,2,4,2,4,2
layered,1,8,1,2,1,1,,2,,7,1,,,3,1,1,Springboot_Rest_API,1,1,0,1,1,4,2,0,1
layered,,10,1,0,2,1,,4,,11,0,,,2,2,1,SpringBoot_Rest_Api_Implementation,1,1,0,1,,3,2,0,1
layered,1,8,1,1,2,1,,3,,10,0,,,1,2,1,Springboot_REST_API_Project01,0,1,0,1,,5,2,0,1
layered,,8,1,3,2,1,,5,,7,0,,,2,1,1,SpringEcom,1,1,0,2,,3,2,0,2
layered,1,8,1,0,1,1,1,3,,9,0,,,1,1,1,SpringGrades,0,0,0,1,,3,2,0,1
layered,1,8,1,5,4,1,,1,,9,0,,,1,1,1,Spring_3_layer_basic_CRUD,0,2,0,1,,3,2,1,1
layered,1,8,1,1,1,1,,5,,6,0,,,1,1,1,Spring_Boot-Project,0,1,0,1,,3,2,0,1
layered,4,8,4,6,4,1,,31,,22,0,,,12,8,1,Spring_Boot_apiEndpoint_statusCode_JPA,4,8,0,4,,3,2,0,4
layered,1,8,1,1,2,1,,3,,8,0,,,2,1,1,Spring_BOOT_REST_4-_LAYER,1,1,0,1,,3,2,0,1
layered,1,9,1,2,3,1,,6,,15,1,,,2,1,1,Spring_Boot_Web,1,1,0,1,1,4,2,0,1
layered,1,9,1,2,1,1,,9,,6,0,,,2,1,1,Srpingboot-CRUD-,1,1,0,1,,3,2,0,1
layered,1,8,1,1,3,1,,6,,20,0,,,2,2,1,Standard_project_2,1,1,0,1,,3,2,0,1
layered,2,13,1,4,3,1,,7,,48,2,,,8,12,,starbucks-mernis,0,7,0,2,2,2,1,0,2
layered,2,9,2,2,3,1,,4,,16,0,,,2,2,1,stock-backend,0,2,0,2,,3,2,0,2
layered,3,10,3,3,4,1,,10,,44,0,,,10,6,1,student-course-management-system,3,4,0,6,,3,2,3,3
layered,1,8,1,1,2,1,,3,,22,0,,,4,1,1,student-crud-springboot,1,1,0,1,1,3,2,2,1
layered,1,8,1,0,1,1,1,3,,9,0,,,3,1,1,Student-Grade-API,1,1,0,1,,3,2,0,1
layered,9,8,,10,7,1,,9,,38,2,,,1,,1,student-management-backend,0,0,0,7,2,4,2,1,7
layered,1,8,1,0,1,1,,1,,6,0,,,1,1,1,Student-Management-System,0,1,0,1,,3,2,0,1
layered,1,8,2,1,2,1,,3,,11,0,,,2,4,1,Student-Management-System-BackEnd,0,2,0,2,,2,,0,2
layered,1,7,1,2,1,1,,9,,7,1,,,2,1,1,Student-Managment-API-,1,1,0,1,1,4,2,0,1
layered,3,8,5,13,3,1,,9,,52,2,,,14,9,1,StudentCourseDemoProject,3,4,19,,1,4,2,7,
layered,2,8,1,3,2,1,,3,,12,0,,,3,2,1,StudentCourseManagementSystemApp,2,1,0,1,,3,2,0,1
layered,4,10,4,4,5,1,,6,,23,0,,,8,4,1,StudentManagement-springBoot,4,5,0,4,1,6,3,0,4
layered,1,9,1,1,2,1,,13,,10,0,,,2,1,1,StudentRegistration,1,1,0,1,,4,1,0,1
layered,,6,2,0,0,0,,0,,12,0,,,0,2,,Students-management-System,0,0,6,,1,0,,0,
layered,,9,5,4,4,1,,6,,32,0,,,3,8,1,supermarket-management-system-api,0,3,7,4,,7,,0,4
layered,1,9,1,1,1,1,,1,,8,1,,,2,1,1,system-academy_webapi_layered-architecture_java-17,1,1,0,,1,3,2,0,
layered,1,7,,1,2,1,,5,,6,0,,,0,,1,Task-API,0,0,0,1,,3,1,0,1
layered,1,9,1,2,1,1,,3,,8,0,,,2,2,1,Task-Manager,1,1,0,2,,4,2,1,1
layered,,7,1,0,3,1,,4,,8,0,,,1,1,1,Task-Manager-API,0,1,0,1,,3,2,0,1
layered,1,8,1,1,1,1,,8,,8,0,,,2,1,1,TaskFlow,1,1,0,1,,3,2,0,1
layered,,9,,0,0,1,,0,2,4,0,,,0,,,taskManagementAPI,0,0,0,,,3,2,0,
layered,,8,2,0,2,1,,2,,12,0,,,2,2,,taskmanager-springboot,0,2,0,2,,3,2,0,2
layered,3,10,3,3,4,1,,23,9,30,0,,,8,6,1,tasks_app,2,3,0,4,,3,2,3,3
layered,4,10,4,4,5,1,,7,,41,2,,,4,8,1,TeacherInformationSystem,0,4,0,4,2,3,2,0,4
layered,3,7,1,3,0,1,,1,,15,0,,,4,3,1,Team-Task-Pro,3,1,0,,,3,2,0,
layered,3,12,12,3,1,1,,0,16,124,2,30,,51,14,,telegram-bot,0,13,0,5,,8,68,37,9
layered,1,7,1,1,1,1,,1,,6,0,,,2,1,1,telusko07_spring_boot_web_product,1,1,0,1,,3,2,0,1
layered,2,10,4,3,3,1,,12,,28,3,,,4,4,1,template,0,3,11,3,3,3,2,1,3
layered,5,9,9,10,7,1,,18,,52,4,,,15,9,,tennis-tournament,4,9,0,6,4,4,3,2,6
layered,,10,8,3,2,4,,6,,22,0,,,4,20,1,The-Quiz-Application,2,2,0,2,,12,22,0,2
layered,4,8,,1,0,1,2,0,,18,0,,,2,,1,The_telephone_directory,2,0,0,,,6,2,0,
layered,2,7,2,6,2,1,,3,,18,0,,,4,4,1,TimeSheet,1,2,0,2,,3,2,1,2
layered,1,10,2,3,4,1,,11,,11,1,,,7,2,1,Todo-s-Project,0,2,0,4,1,3,2,0,4
layered,1,9,3,1,3,1,,5,,16,0,,,5,4,1,ToDo_Application,1,3,4,2,,4,16,1,2
layered,5,8,1,6,2,1,,4,,25,0,,,2,2,1,Travel-Management-System,0,1,0,2,,5,2,1,2
layered,1,7,1,4,2,1,,11,,11,0,,,1,2,1,Traveller-Management-REST-API,0,1,0,2,,5,2,1,2
layered,5,8,13,5,7,1,,18,,73,1,,,14,20,1,twitter-api,0,8,0,6,1,2,1,6,6
layered,6,9,6,6,7,1,,8,,47,1,,,9,13,1,twitter-clone-api,0,6,0,6,1,3,2,2,6
layered,2,7,2,16,1,1,,1,,11,0,,,2,2,1,unittest,0,1,0,2,,8,2,0,2
layered,1,10,1,5,0,1,,2,,19,3,,,1,9,1,university--layered-architecture-with-spring-boot-demo,1,0,4,2,3,10,2,0,
layered,2,8,2,3,2,1,,10,,13,0,,,4,2,1,User-Education-Management,2,2,0,2,,3,2,0,2
layered,1,8,1,1,2,1,,9,,9,0,,,1,2,1,User-Management-api,0,1,0,1,,3,2,0,
layered,1,8,1,6,1,1,,1,,8,1,,,1,2,1,user-management-springboot,0,1,0,1,1,3,2,0,1
layered,1,6,1,1,3,1,,7,,15,0,,,2,2,1,User-Management-System,1,1,4,2,,5,2,0,2
layered,6,10,4,18,3,1,2,5,2,27,2,14,,2,4,1,UserManagementSystem,2,0,0,8,2,5,8,0,2
layered,,7,,0,0,1,,0,,2,0,,,0,,1,User_Mangement,0,0,0,,,3,2,0,
layered,10,9,12,12,9,1,1,37,17,110,1,,,61,22,1,Valley-eCommerce-prototype,9,11,31,9,1,7,1,33,9
layered,,11,1,29,7,1,,9,,62,2,,,13,8,1,VeterinaryManagementSystem,6,7,0,6,1,3,2,0,6
layered,,10,1,45,8,1,,12,,71,2,,,15,9,1,VetManagementSystem-backend,7,8,0,7,2,3,2,0,7
layered,,9,3,0,1,1,,3,,8,0,,,3,5,1,weather-stats-static,0,3,0,1,,3,2,0,1
layered,1,8,1,1,1,1,,4,,10,0,,,2,1,1,weatherdata,0,1,0,1,,3,2,1,1
layered,5,9,4,5,5,1,,23,,28,1,,,4,28,1,webservice-springboot3-jpa,0,4,0,,1,4,2,0,
layered,5,9,4,5,5,1,,23,,28,1,,,4,6,1,workshop-springboot3-jpa,0,4,0,,1,4,2,0,
layered,7,11,9,21,8,1,1,30,,77,5,,,15,9,1,workshop_springBoot_jpa_2.0,1,7,0,15,4,12,1,7,11
layered,2,9,2,8,3,1,,6,2,18,1,,,4,3,1,workshop_springboot_mongodb,2,2,0,,,4,2,0,
layered,3,8,4,20,5,1,,14,,34,5,,,7,4,1,Y-Spring-Boot,0,4,0,4,5,3,2,3,4
layered,7,9,11,10,8,1,,41,,69,6,,,13,19,1,zource-backend,0,10,14,7,6,3,1,2,7
mvc,,8,3,0,1,1,,1,,9,2,,,3,3,1,-CRUD-Spring-boot-Postgres-,2,1,0,1,,5,2,0,1
mvc,1,7,1,2,1,1,,12,,6,0,,,2,1,1,-E-Commerce-Product-Management-Backend-Spring-Boot-Project-,1,1,0,1,,3,2,0,1
mvc,1,7,8,6,6,1,,18,,30,3,,,23,8,1,-E-commerce-shopping-website,1,9,0,6,2,4,2,7,6
mvc,1,10,1,1,3,1,,4,,12,0,,,3,2,1,-Springboot-MVC-CRUD,0,1,0,3,,3,2,0,3
mvc,6,8,6,9,6,1,,45,,26,0,,,12,6,1,2nd-Year-Final-Project,6,6,24,6,,3,2,0,6
mvc,13,9,15,14,14,1,,19,,72,1,,,35,27,1,accounting-group-website-backend,13,15,20,14,1,4,2,0,14
mvc,3,7,3,3,3,1,,3,,14,0,,,3,3,1,AgriTrack-Android-App,0,3,0,3,,3,2,0,3
mvc,1,8,1,0,0,0,,0,,11,0,,,0,2,1,AngularSpringBootMVC1,0,0,0,2,1,0,2,0,1
mvc,6,13,,5,2,2,1,9,16,35,3,16,9,4,3,,api-clean-architecture-inventario,1,0,4,2,3,5,5,5,2
mvc,3,8,3,3,4,1,,4,,19,0,,,9,3,1,app_web,1,3,0,4,,4,2,1,4
mvc,,8,1,0,4,1,,0,,12,0,,,6,1,1,ARTI-Desktop-App,0,1,0,4,,3,3,0,4
mvc,,8,3,3,1,1,,2,,13,1,,,4,4,1,Attrition-Analysis-System,0,1,0,1,1,3,2,3,1
mvc,4,12,5,8,4,1,,18,,30,1,,,6,9,1,Audiobook-Shop-Angular-Spring,0,5,0,4,1,3,2,1,4
mvc,7,12,15,4,4,1,3,22,12,88,2,,,26,23,,auth_mvc_architecture_springboot,4,8,0,22,3,12,8,14,8
mvc,9,7,,10,2,2,4,2,,36,0,,,6,,1,Backend-VenteVue,3,3,0,3,,5,3,0,3
mvc,6,8,16,19,5,1,,17,,60,3,,,24,23,1,back_AME-EN-HARMONIE,6,14,0,10,3,7,3,4,10
mvc,2,12,7,2,4,1,,5,3,30,1,,,6,8,1,banco-digital,2,4,0,5,2,3,2,0,5
mvc,18,10,24,30,14,1,5,36,,104,1,,,35,24,1,Band-Management-System,6,14,0,25,1,36,2,1,25
mvc,3,8,2,3,2,1,,6,,24,0,,,2,4,1,Banking-Apllication-By-Using-Hibernate-Springboot-and-JPA,0,2,0,2,,3,2,0,2
mvc,5,8,3,5,3,1,,4,,19,1,,,5,3,1,banque-mvc,0,3,0,2,1,4,2,0,2
mvc,3,6,3,3,3,1,,5,,14,0,,,9,3,1,Basketball-League-Data-Base,3,3,0,3,,3,2,0,3
mvc,1,9,3,1,2,1,,8,,24,1,,,4,3,1,be-salon-api,0,3,0,1,1,3,2,1,1
mvc,,8,,2,1,1,,1,,7,0,,,0,7,1,beerdistribution-microservice,0,0,0,2,,4,2,0,2
mvc,,11,3,15,4,1,,36,,29,2,,,10,5,1,billing-app,0,3,58,4,2,4,2,3,4
mvc,1,7,1,1,1,1,,3,,7,0,,,2,2,1,Billing-jetBlue,0,1,5,1,,3,2,0,1
mvc,5,10,6,11,8,1,,27,,49,2,,,12,11,1,blog-app,3,6,0,7,2,5,2,3,7
mvc,5,6,4,0,3,1,,6,,22,1,,,11,4,1,BlogApplication,4,4,18,3,1,3,22,1,3
mvc,,9,6,14,6,1,,46,,46,1,,,10,11,1,Blog_Application_Using_SpringBoot_Framework,1,6,0,5,1,4,46,3,5
mvc,1,8,1,1,2,1,,13,,7,1,,,2,1,1,Book-API-SpringBoot,1,1,0,1,1,4,2,0,1
mvc,16,9,10,64,6,1,,44,,90,2,,,22,16,1,Book-Store,8,7,0,8,3,9,2,7,8
mvc,3,9,5,11,7,3,1,18,,31,1,,,10,5,1,BookLibrary-system,2,6,2,7,1,12,6,1,7
mvc,3,9,6,3,4,1,,7,,18,0,,,7,6,1,BookManagementSystem-SpringBoot,0,3,0,4,,3,2,0,4
mvc,2,8,3,2,3,1,,6,,14,1,,,6,3,1,BookRentalSystem,1,3,4,3,1,5,2,0,3
mvc,1,8,1,1,2,1,,9,,9,0,,,3,1,1,Books-and-Authors-Spring-Boot,1,1,8,2,,5,2,0,1
mvc,4,9,5,2,3,1,2,11,,37,1,5,,7,5,1,Books-API-Spring-Boot-Project-First,0,4,0,2,1,6,2,3,2
mvc,5,8,5,12,2,1,3,2,,23,0,,,6,7,1,books-app,2,2,2,6,,15,2,0,5
mvc,,10,,0,6,1,,17,,23,0,,,13,,1,BookstoreSpringProject,6,0,0,6,,3,2,1,6
mvc,9,9,4,8,9,1,,30,,40,0,,,12,4,1,Boost-SpringBoot-CommentApp-IntegratedDockerAndKubernetes,3,4,4,8,,3,2,2,8
mvc,,9,2,0,4,1,,5,,13,0,,,6,3,,Breach-Watch,0,3,0,4,,3,2,0,4
mvc,1,6,,1,3,2,,8,,11,2,,,5,,1,Bulls-and-Cows,0,1,0,3,2,4,2,1,3
mvc,,9,2,0,1,1,,1,,8,0,,,1,2,1,calculator-mvc,0,1,0,2,,6,2,0,2
mvc,,7,5,0,6,1,,44,,28,0,,,10,5,1,Campus-Connect,5,5,12,6,,3,7,0,6
mvc,1,8,1,1,3,2,,4,,11,0,,,3,1,1,Car-exchange-app,0,1,0,3,,7,4,0,3
mvc,,8,1,0,1,1,,3,,8,0,,,5,2,1,CareerMapSpring,0,4,0,1,,4,2,0,1
mvc,1,10,1,1,2,1,,7,,23,3,,,6,1,1,carmaker-api,1,1,0,2,1,7,2,4,2
mvc,4,8,3,19,4,1,4,15,,33,2,,,11,3,1,chatcake-spring,3,3,0,3,2,3,2,5,3
mvc,7,9,3,3,5,1,2,5,,25,1,,,4,3,1,ChatGod,1,3,0,5,1,3,2,0,5
mvc,,13,13,0,0,0,,10,,187,5,,,36,25,1,ClonedIn,11,13,72,6,5,0,1,16,6
mvc,1,6,,1,1,1,,10,,5,0,,,1,,,CMS-Backend,1,0,6,1,,2,1,0,1
mvc,1,8,1,3,2,1,,12,,10,0,,,1,1,1,CoderHack,0,1,0,1,,3,2,0,1
mvc,3,7,3,3,1,1,,6,,15,0,,,6,6,1,college-admission-system,2,3,0,1,,3,2,0,1
mvc,1,8,1,0,1,1,1,2,1,6,0,,,3,1,1,ColtWarrenAssignment11,1,1,0,1,,2,2,0,1
mvc,3,7,2,12,6,1,,27,,22,1,,,4,2,1,ContactManager,0,1,22,5,1,3,2,0,5
mvc,1,8,1,1,1,1,,4,,7,0,,,3,2,1,CoreEmpSystem,1,1,0,1,,4,2,0,1
mvc,,7,,0,1,1,,4,,3,0,,,1,,1,CounterApp,0,0,0,1,,3,2,0,1
mvc,4,7,4,8,2,1,,2,,19,0,,,6,8,1,Course-Enrollment-System,0,4,0,2,,2,1,0,2
mvc,,6,,0,0,0,,0,,4,0,,,0,,,Course-Register-WebAPP-Springboot,0,0,0,,,0,,0,
mvc,2,12,1,2,1,1,,3,,9,1,,,3,1,1,Course-Registration-System-,2,1,0,1,1,3,2,0,1
mvc,2,8,3,3,2,1,,4,,15,0,,,4,4,,Cricket-Player-Management-System,2,2,0,1,,3,2,0,1
mvc,5,10,4,7,3,1,,19,,26,0,,,10,8,1,CRM-Project-Using-Spring,3,4,0,3,,5,2,0,3
mvc,1,7,1,1,1,1,,1,,7,0,,,1,2,1,crud,0,1,0,1,,3,2,0,1
mvc,1,9,1,1,1,1,,1,,6,0,2,,1,1,1,CRUD-EM-JAVA,0,1,0,1,,3,2,0,1
mvc,1,9,1,1,1,1,,3,,9,1,,,2,2,1,crud-employee-app,0,1,0,1,1,5,2,0,1
mvc,,8,1,0,1,1,,9,,10,1,,,2,2,1,CRUD_API,1,1,12,1,1,4,1,0,1
mvc,,7,1,0,1,1,,1,,9,2,,,1,1,1,CulersAPI-2024,0,1,0,1,2,3,2,0,1
mvc,1,8,1,1,4,1,,18,,13,0,,,3,2,1,CURD,0,1,1,3,,3,2,1,3
mvc,1,8,1,9,1,1,,4,,11,1,,,2,1,1,customer-module,1,1,7,1,1,3,2,0,1
mvc,,8,,0,1,0,,3,,1,0,,,1,,,Customer-Relationship-management,0,0,0,1,,0,,0,1
mvc,1,9,4,1,1,1,,8,,10,0,,,3,10,1,customer-services,1,2,3,1,,3,1,0,1
mvc,2,8,4,2,2,1,,8,,20,1,,,6,5,1,CustomerRelationshipManager,2,2,0,2,1,4,2,2,2
mvc,,8,1,4,1,1,,3,,14,0,,,3,1,1,CustomOrderSystem-SpringApplication-,0,1,0,1,,4,14,1,1
mvc,2,10,1,4,2,1,,8,,9,0,,,3,1,1,CVE_CUSTOM_API,0,1,0,2,,3,2,2,2
mvc,2,9,,0,3,1,2,7,3,15,0,,,3,,1,DataParser,0,0,0,4,,5,2,0,4
mvc,2,7,6,2,1,1,,1,,24,0,,,15,6,1,deckbuilder,0,6,0,9,,2,,9,9
mvc,7,8,7,13,22,1,,38,,72,3,,,32,7,,delta-edu-app,6,8,0,22,3,4,,3,22
mvc,,8,,0,1,1,,3,,5,0,,,1,,1,Demo-SpringBoot-WebApp,0,0,0,1,,3,2,0,1
mvc,,7,1,2,1,1,,3,,6,0,,,2,1,1,DemoApp-SpringBoot,1,1,0,1,,3,2,0,1
mvc,4,9,6,5,5,1,,11,,39,2,,,10,9,1,Dental-Clinic-Spring,4,5,0,8,3,16,3,1,8
mvc,1,8,1,3,1,1,,1,,9,1,,,3,1,1,digimon-api,1,1,0,1,1,7,2,1,1
mvc,,8,1,0,1,1,,2,,9,0,,,3,1,1,Digital-Library,1,1,0,1,,3,2,0,1
mvc,,7,,0,0,0,,0,,52,0,,,0,,,E--Commerce-Web-Application,0,0,0,,1,0,52,0,
mvc,4,9,9,8,7,1,,22,,44,1,,,20,9,1,E-Banking,4,4,28,7,1,7,1,7,5
mvc,,6,,,,,,,,0,,,,,,,E-Commerce,,,,,,,,,
mvc,,9,4,0,3,1,,10,,21,4,,,12,4,1,E-commerceProject,5,4,25,3,2,4,2,0,3
mvc,2,8,2,2,3,1,,18,,11,0,,,4,2,1,Ecommerce,2,2,0,2,,2,1,1,2
mvc,1,8,1,2,1,1,,4,,6,0,,,3,1,1,ecommerce-backend,1,1,0,1,,3,2,0,1
mvc,1,7,3,5,3,1,,3,,24,1,,,6,3,1,ecommerce-db-maven-api-javafx_backend,2,3,0,5,1,8,,1,4
mvc,,9,,1,1,1,,4,,6,0,,,3,1,1,ecommerce_backend_java,1,1,0,1,,3,2,1,
mvc,1,10,1,2,1,1,,3,,6,0,,,2,1,1,Ecom_Application_Using_SPRING-BOOTS,1,1,0,1,,3,6,0,1
mvc,7,11,2,7,2,1,3,8,,27,0,,,4,6,1,edupanel-backend,0,1,12,1,,6,,3,1
mvc,1,7,1,1,1,1,,7,,14,0,,,2,3,1,Employee-CurdOperations,0,1,0,2,,5,2,0,1
mvc,,7,1,1,1,1,,4,,8,0,,,2,2,1,Employee-Management,0,1,0,1,,5,2,0,1
mvc,,8,,1,1,1,,5,,7,0,,,2,1,1,employee-management-system,0,1,0,1,,5,2,0,1
mvc,1,7,1,1,1,1,,5,,7,0,,,3,2,,Employee-Management-System-A-Spring-Boot-CRUD-Web-Application,1,1,6,1,,3,7,0,1
mvc,1,9,1,1,1,1,,7,,6,0,,,2,1,1,Employee-Mangemnet-main,1,1,0,1,,3,2,0,1
mvc,2,8,4,2,4,1,,6,,25,1,,,8,6,1,employee-payroll-app,1,4,0,2,1,2,1,2,2
mvc,1,8,1,0,1,1,1,1,,8,0,,,3,1,1,employee-tracker-dms,3,1,0,1,,3,2,0,1
mvc,1,9,1,1,1,1,,1,,7,0,,,2,2,1,Employee_Directory,0,1,0,1,,3,2,0,1
mvc,1,8,1,1,1,1,,1,,6,0,,,1,1,1,Employee_Management_Springboot,0,1,0,1,,3,2,0,1
mvc,1,15,1,1,1,2,,4,,9,0,,,2,1,1,Employee_management_system,1,1,0,1,,6,4,0,1
mvc,,10,17,0,6,0,,23,12,174,1,,,16,41,,Enterprise-Architecture,1,3,56,6,,0,2,5,6
mvc,,8,4,4,5,1,,8,,20,0,,,4,4,1,EventManagementApp,0,4,0,4,,3,2,0,4
mvc,3,9,3,3,3,1,,24,,18,0,,,6,6,1,EventManagementSystem,3,3,0,3,,3,2,0,3
mvc,5,6,,0,3,1,4,3,,15,0,,,1,,,Exam-Registration-System-Using-SpringBoot-MVC-Architecture-,0,0,10,4,,2,1,1,3
mvc,,9,6,15,17,1,,37,,40,0,,,31,7,1,Exam_Seating_Arrangement_System,7,7,36,17,,3,2,0,1
mvc,,12,,0,4,1,,8,,38,0,,,8,,1,Extended-MVC-Architecture-Layered-with-SpringBoot-Data-JPA-Maven-Web-MVC-Point-of-Sales-System-POS-,5,0,22,3,,2,,3,3
mvc,,7,,0,0,0,,0,,1,0,,,0,,1,File-Upload-Download-App,0,0,0,,,1,1,0,
mvc,3,9,3,3,3,1,,3,,17,0,,,4,6,1,firstjobapp,0,3,0,3,,3,2,0,3
mvc,3,6,2,3,3,1,,16,,14,0,,,0,2,,Fitness-Application,0,0,0,3,,3,14,0,3
mvc,,8,,0,3,1,,12,,23,1,,,8,,1,Fleet-Management-final,3,0,0,7,2,4,1,3,4
mvc,4,7,1,6,4,1,,6,,18,0,,,5,2,1,flightReservationApp,0,1,9,4,,3,2,0,4
mvc,2,7,3,2,3,1,,6,,13,1,,,6,3,1,Flipkart-Management-System,0,3,0,3,1,2,1,0,3
mvc,7,10,5,3,11,4,4,68,,68,6,,,9,19,1,full-stack-application,2,3,0,19,1,18,68,1,12
mvc,1,8,,1,1,1,,1,,5,0,,,0,,1,FullStackProject,0,0,0,1,,4,2,0,1
mvc,,9,,0,1,1,,1,,3,0,,,1,,1,fullstack_web_dev_lab_08,0,0,0,1,,2,1,0,1
mvc,,9,,1,2,1,,10,,8,1,,,3,1,1,Full_Stack_TodoWeb-Project-using_SpringBoot,1,1,0,1,1,3,2,0,
mvc,9,8,,20,1,1,,17,,24,0,,,1,2,1,Gestion-Cinemas,9,1,50,1,,4,2,0,1
mvc,3,8,,11,2,1,,6,,18,1,,,3,,1,gestion-comptes-bancaires-JEE-springmvc-jpa,0,1,0,2,1,6,2,0,2
mvc,6,9,1,7,3,1,,3,,23,1,,,5,3,1,Gestion-des-patients-,0,2,3,5,1,4,2,0,5
mvc,6,9,3,3,3,1,,12,,17,0,,,7,3,1,Good-Reads-Advanced,4,3,0,3,,3,2,0,3
mvc,,9,1,0,1,1,,3,,5,0,,,0,1,1,grade-submission,0,0,0,1,,3,2,0,1
mvc,4,8,,15,1,1,,1,,13,0,,,0,,1,GraduationProject-Backend,0,0,0,1,,3,2,0,1
mvc,3,11,3,3,3,1,,19,,43,1,,,8,3,1,Guess_Card_Game,0,3,0,4,1,3,2,2,4
mvc,,8,1,1,1,1,,1,,7,0,,,2,2,1,Hara-Krishna-Hospital---Doctor-Appointment-System,0,1,0,1,,3,2,0,1
mvc,14,8,14,54,11,1,1,19,,111,4,,,37,111,1,homeService,9,12,0,11,4,3,1,16,11
mvc,4,8,6,4,5,1,,37,,27,1,,,5,6,1,hoobank_backend,0,5,16,5,1,8,2,0,5
mvc,3,10,3,4,21,1,,24,,21,0,,,3,21,1,hospital-app,0,3,0,3,,5,2,0,3
mvc,8,10,3,14,5,1,,10,,53,1,,,10,3,1,hotel-integration-api-server,6,3,23,4,1,3,2,1,4
mvc,11,9,11,17,9,1,,24,,81,1,,,31,21,1,HotelBookingApp,11,11,0,8,1,4,2,2,8
mvc,2,8,2,2,2,2,,2,,14,0,,,2,2,1,HotelXYZ,0,2,0,2,,6,4,0,2
mvc,6,10,6,22,6,1,,8,,55,1,,,11,10,1,Hotel_Booking_App_Backend,1,6,0,4,1,3,2,0,4
mvc,1,9,1,7,1,1,,5,,7,0,,,3,2,1,HRMS-Employee-Management-Data-Organization-System,1,1,0,1,,3,2,0,1
mvc,3,6,4,0,3,1,3,5,,21,1,,,9,4,,ImageHoster_application,3,3,9,7,1,12,21,2,7
mvc,4,7,3,4,1,1,,3,,17,1,,,5,5,1,InCustomers,0,3,8,1,1,4,1,1,1
mvc,2,7,1,2,2,1,,5,,15,1,,,1,2,1,Insurance-manegement,0,1,0,1,1,3,3,0,1
mvc,1,9,7,17,8,2,1,44,,80,1,,,15,18,1,Integrative-Software-Engineering,5,7,0,8,1,8,40,3,8
mvc,19,11,13,13,11,11,3,51,,169,0,,,73,169,1,Internet-Services-Architectures-Laboratories,16,13,0,22,,37,23,44,11
mvc,1,8,,5,1,1,,2,,9,2,,,2,,1,Inventory-Items-backend-API,1,1,1,1,2,4,2,0,1
mvc,1,7,1,8,1,1,,7,,6,0,,,3,1,1,Inventory-Management-System,1,1,0,1,,5,2,0,1
mvc,1,8,1,1,1,1,,1,,6,0,,,2,1,1,inventory-managment,1,1,0,1,,3,2,0,1
mvc,1,8,,4,0,1,,0,,6,0,,,2,,1,InventoryCRUDJava,1,0,0,1,,4,2,0,1
mvc,4,9,11,0,12,1,,33,197,197,0,11,,27,17,1,isolating-the-domain,4,12,0,23,,15,29,0,14
mvc,1,7,1,1,1,1,,4,,7,0,,,2,2,,Java-Challenge-EmployeeSystem,0,1,0,1,,3,2,0,1
mvc,,6,,,,,,,,0,,,,,,,java-clean-architecture,,,,,,,,,
mvc,1,8,1,3,1,1,,1,1,6,0,,,2,1,1,java-crud,1,1,0,1,,3,2,0,1
mvc,13,8,13,70,10,1,3,62,,86,1,,,21,13,1,Java-Spring-boot-result-API,9,9,0,15,1,10,1,3,13
mvc,1,9,1,1,1,1,,4,,7,0,,,2,2,1,Java-Student-Management-System,0,1,6,1,,4,2,0,1
mvc,,10,1,0,1,1,,2,,6,0,,,5,1,1,Job-App,1,1,0,1,,3,2,1,1
mvc,,10,1,1,1,1,,7,,6,0,,,3,1,1,job-app-with-spring-data-jpa,1,1,0,1,,3,2,1,1
mvc,4,10,4,4,3,1,,11,,27,2,,,12,7,1,Job-Portal,4,4,0,3,2,5,2,1,3
mvc,3,8,,3,1,1,1,2,,7,0,,,1,,1,job-portal-spring-boot-mongo,0,0,0,1,,3,2,1,1
mvc,,10,,0,8,1,,10,,96,1,,,28,,1,Jobs-Search-Easy,1,0,0,15,,3,13,20,15
mvc,,10,,0,8,1,,10,,96,1,,,28,,1,JobsMadeEasy,1,0,0,15,,3,13,20,15
mvc,,8,1,0,1,1,,2,,8,0,,,4,1,1,Job_Application_Portal-Java_SpringBoot_Project,1,1,0,1,,3,8,1,1
mvc,,9,,0,1,1,,6,,9,0,,,2,1,1,JPAandHibernate,1,1,2,1,,3,2,0,1
mvc,1,7,1,2,3,1,,6,,18,2,,,2,1,1,learn_springBoot_week2,1,1,0,1,2,3,2,0,1
mvc,2,9,2,2,2,1,,2,,13,0,,,9,2,1,LiBooksLite,2,2,0,2,,3,2,3,2
mvc,4,9,4,6,5,1,,13,,24,0,,,9,8,1,Library-Management-System,0,4,0,5,,3,2,0,5
mvc,5,10,6,21,6,1,,17,,39,1,,,13,12,1,Library-System-Management-SpringBoot-Project,1,6,55,6,1,4,2,0,6
mvc,6,8,5,6,5,1,,5,,29,0,,,11,10,1,LibraryManagement,6,5,0,5,,3,2,0,5
mvc,9,10,10,11,6,1,,20,,39,3,,,16,10,1,Lingoder,2,10,0,6,3,3,2,4,6
mvc,3,8,4,5,4,1,,7,,21,0,,,7,21,1,Loan_system_microservices,3,4,0,4,,3,6,0,4
mvc,,8,1,1,1,1,,2,,7,0,,,2,2,1,Logica-Empresarial-Java11-Spring-Boot-2.7.11,0,1,5,,,3,2,0,
mvc,2,10,4,2,5,2,,12,3,28,2,,,7,14,,ManagerApp,2,3,0,5,1,6,4,0,5
mvc,14,9,10,10,4,1,,9,22,73,3,19,,16,16,1,meserodigital,5,8,0,4,3,3,23,0,4
mvc,1,9,3,5,2,1,,3,1,17,0,,,4,17,1,microservices-spring-books-service,0,1,1,3,,5,2,3,2
mvc,,8,,0,1,1,,4,,4,0,,,1,,1,Model-View-Controller,0,0,0,4,,3,2,1,1
mvc,1,9,2,1,1,1,,1,,11,0,,,2,2,1,modern-mvc-spring-boot,1,1,0,2,,3,2,0,2
mvc,1,7,1,5,2,1,,8,,11,0,,,3,2,1,mongoo-db-exp,0,1,0,2,1,3,2,1,2
mvc,3,9,5,7,3,1,,11,,27,2,,,7,27,1,MovieAPI_Spring_Boot_Backend_Service,0,6,0,2,2,3,3,0,2
mvc,1,7,1,0,1,1,1,1,,7,0,,,2,1,1,Movies-Director-SpringBoot-Project,1,1,0,1,,3,1,0,1
mvc,,9,1,0,1,1,,6,,9,1,,,3,1,1,Music-Playlist-Manager-Web-App,1,1,0,1,1,3,2,0,1
mvc,,8,2,0,1,1,,4,,7,0,,,2,2,1,MVC-Architecture,2,2,0,1,,3,2,1,1
mvc,2,10,,12,2,1,,16,,17,0,,,6,4,1,MVC-Spring-Boot-,2,4,0,2,,3,2,0,2
mvc,1,10,1,1,1,1,,1,,8,1,,,1,1,1,MVCarchitecture,1,0,0,1,1,3,2,0,1
mvc,3,8,3,3,5,1,,12,,19,2,,,10,3,1,My-blog-app,2,2,0,5,2,5,19,2,5
mvc,,9,2,0,1,0,,4,,12,0,,,1,2,,myBank,0,0,0,1,,0,,0,1
mvc,1,8,1,1,1,1,,1,,7,0,,,3,2,1,My_Coffee_Shop,1,1,0,1,,4,2,0,1
mvc,4,8,2,8,4,1,,12,,18,2,,,8,2,1,nieruchomosci-app,2,2,0,4,2,2,1,0,4
mvc,1,9,1,1,2,1,,6,,11,0,,,2,2,1,Notepad-API,1,1,0,1,,3,2,0,1
mvc,,8,13,0,8,1,,27,,36,3,,,13,14,,NotesVault,0,13,0,8,2,2,1,0,8
mvc,,9,12,20,12,2,,34,,102,10,,,24,14,,Online-Interview-System,0,6,0,10,8,6,4,16,10
mvc,,6,,0,0,0,,0,,22,0,,,0,,,Online-Pizza-Order,0,0,0,8,,0,,0,5
mvc,4,8,12,4,4,6,,11,,52,9,,,11,43,1,online-shopping-app,0,5,0,4,9,18,12,5,4
mvc,11,6,,0,0,0,,0,,73,0,,,0,,,OnlineShop,0,0,0,20,,0,,0,20
mvc,2,10,2,4,4,1,,26,,16,0,,,4,2,1,OOD-project,0,2,0,2,1,3,2,2,2
mvc,4,9,4,0,1,1,3,1,,15,0,,,3,5,1,OpenClassrooms-Project5,0,1,0,3,,11,2,2,3
mvc,7,8,8,11,5,1,,8,,37,0,,,17,14,1,Organization-Management-System,6,8,0,5,,5,2,0,5
mvc,3,9,3,5,3,1,,14,,21,0,,,1,3,1,Payroll_Processing_System,0,1,0,3,,3,3,0,3
mvc,4,8,5,0,3,1,2,7,,28,0,,,10,8,1,person-address-api,0,3,0,2,,5,2,6,2
mvc,,9,1,0,0,1,,0,,8,0,,,1,1,1,personnel-management-system,0,1,0,,,2,7,0,
mvc,,7,,0,0,0,,0,,30,0,,,0,,,PET-HUB-Web-Application,0,0,0,17,,0,30,0,
mvc,,6,,,,,,,,0,,,,,,,PetClinic,,,,,,,,,
mvc,37,11,,16,5,1,13,22,67,211,2,,49,20,,1,planogram-nomenclature,4,16,0,69,1,9,,0,13
mvc,3,10,3,5,4,0,,9,,34,2,,,7,6,,POS-system-backend,3,3,0,4,2,0,,3,4
mvc,1,9,1,5,1,1,,1,1,7,0,,,3,2,1,primera-web-spring-boot,1,1,0,1,,3,2,0,1
mvc,10,8,6,0,0,0,6,0,,56,0,,,0,9,,PrimeTune,0,0,0,,1,0,1,0,
mvc,,8,3,11,4,1,,12,,30,2,,,11,6,1,ProductManangement,4,7,0,5,2,8,2,0,5
mvc,,6,1,0,1,1,,4,,5,0,,,4,1,1,product_sb_hb,1,1,3,1,,2,1,2,1
mvc,2,9,4,16,3,1,,9,,30,1,,,4,30,1,Product_Service,2,2,0,3,1,3,3,0,2
mvc,,7,1,1,1,1,,9,,11,0,,,2,2,1,product_spring_boot_backend_mvc,0,1,9,1,,6,2,0,1
mvc,,8,3,3,2,1,,9,,19,0,,,8,4,1,Project-Manager-App,3,3,0,3,,5,2,0,2
mvc,5,11,7,7,6,1,,29,,62,2,,,10,12,1,project-rest-api,0,8,0,8,2,9,3,2,8
mvc,1,8,,0,2,2,1,3,,7,0,,,1,,1,projectBank,1,0,0,2,,5,2,0,2
mvc,,8,2,3,2,1,,2,,12,0,,,3,2,1,QuizApp,1,2,0,2,,3,2,0,2
mvc,,11,,2,4,4,,19,,36,3,,,1,,1,rate-limiter,0,0,0,4,2,25,2,0,5
mvc,2,9,1,12,2,1,1,8,,14,1,,,4,1,1,Reactive-SPRING_BOOT-MVC_Architecture-Email-Web_Socket-CRUD-Filter-Sort-Search-with-MongoDB,2,1,0,2,1,3,2,1,2
mvc,2,10,4,1,3,1,1,5,,26,1,,,4,12,,RendezVenue-API,1,2,0,4,2,12,2,0,2
mvc,1,7,1,3,1,1,,5,,12,0,,,6,2,1,Report-Generation-Project,0,1,5,1,,5,2,4,1
mvc,1,10,1,1,1,1,,1,,11,1,,,2,1,1,REST-API,1,1,0,1,1,6,2,0,1
mvc,2,7,2,2,2,1,,12,,11,0,,,2,2,1,REST-BACKEND-USING-SPRING-MVC,0,2,5,2,,3,2,0,2
mvc,3,8,3,4,4,1,,18,3,14,0,,,11,3,1,RestarentOrderManagement,3,4,12,3,,4,2,0,3
mvc,4,8,2,6,2,1,,8,,15,1,,,2,15,1,RESTful-API-Services-w-MVC-Architecture,0,2,4,2,1,4,2,0,2
mvc,2,8,4,2,3,1,,11,,14,1,,,3,14,1,Restful-Web-Services,1,2,0,2,1,3,2,0,2
mvc,6,10,15,6,5,1,,11,,47,0,,,19,22,1,rg-pet-clinic,0,12,16,6,,4,2,2,6
mvc,8,10,11,32,5,1,,25,,84,3,,,28,20,1,RideBookingApp,7,19,0,3,2,3,2,2,3
mvc,1,8,1,1,1,1,,1,,6,0,,,2,1,1,SB-Todo-application,0,1,0,1,,3,6,0,1
mvc,2,9,4,5,3,1,,10,,32,4,,,9,6,1,scaler_e-commerce,2,5,0,3,3,6,2,2,2
mvc,,13,,8,9,1,,42,,42,0,,,19,10,1,School-Management-Admin,0,10,0,9,,5,2,0,8
mvc,2,9,2,2,2,1,,5,,16,0,,,4,2,1,School-Student-Management-System,0,4,0,2,,3,2,0,2
mvc,2,8,2,2,2,1,,2,,12,0,,,2,4,,SchoolSystem,0,2,0,,,2,1,0,
mvc,5,9,5,12,4,1,,10,,24,0,,,5,5,1,School_Library,0,5,6,4,,3,2,0,4
mvc,,9,,0,1,1,,1,,3,0,,,1,,1,SCM_CP_1,0,0,0,1,,3,2,0,
mvc,,9,1,0,1,1,,4,,6,0,,,3,1,1,Secure-User-Login-Registration-Spring-Boot-JSP-,1,1,7,1,,3,2,0,1
mvc,2,8,2,9,2,1,1,2,,26,1,,,3,2,1,sentiment-analysis,1,2,0,3,1,3,2,1,2
mvc,3,8,3,3,3,1,,9,,15,0,,,8,3,1,ShippingSystem,0,3,19,3,1,3,2,2,3
mvc,,9,4,0,3,1,,10,,21,4,,,12,4,1,ShopSphere,5,4,25,3,2,4,2,0,3
mvc,1,8,,2,1,1,,5,,5,0,,,1,,1,simple-crud,0,0,0,1,,3,2,0,1
mvc,,8,,0,2,1,,2,,5,0,,,1,,1,Simple-SpringBoot-application,0,0,0,2,,3,5,0,2
mvc,4,9,3,4,6,1,,10,,27,2,,,4,3,1,SkillSwap-,1,3,0,5,1,4,2,0,5
mvc,,9,10,10,10,1,,38,,60,1,,,39,10,1,SkyBook-Air_Travel_Booking,16,10,30,10,1,2,2,3,10
mvc,,7,1,0,1,1,,2,,6,0,,,1,1,1,Smart_Research_Assistant_,0,1,0,1,,3,2,0,1
mvc,1,8,1,1,1,1,,4,,7,0,,,2,2,1,sms,0,1,0,1,,4,2,0,1
mvc,3,15,1,3,3,1,,9,,16,1,,,1,1,1,Software_Engineering_Project,0,1,0,3,1,4,2,0,3
mvc,6,10,7,8,8,1,,22,,78,2,,,15,13,1,Split-Your-Bills,6,7,12,8,2,3,2,2,8
mvc,1,9,11,15,6,1,,6,,99,0,,,24,19,1,sportClubUni,15,9,0,7,,3,2,0,6
mvc,,7,2,0,0,1,,0,,8,0,,,2,3,1,Spring-boot,1,1,0,,,3,2,0,
mvc,6,8,3,8,8,2,,20,,40,1,,,14,4,1,Spring-Boot-Application,2,2,0,8,1,6,40,2,8
mvc,,7,1,1,1,1,,2,,9,0,,,3,2,1,Spring-Boot-Bank-Application,1,1,0,1,,3,9,0,1
mvc,2,9,3,2,5,1,,8,,18,1,,,8,5,1,spring-boot-crud,2,3,0,5,1,3,2,0,5
mvc,,9,1,2,1,1,,6,,6,0,,,3,1,1,Spring-Boot-E-Commerce-CRUD-Application,1,1,0,1,,3,6,0,1
mvc,1,6,4,1,1,1,,4,,14,0,,,4,4,1,Spring-boot-example,2,2,0,1,,3,,0,1
mvc,,8,2,7,1,1,,6,,11,0,,,3,4,1,Spring-boot-Gestion-des-contact,0,2,13,1,,3,2,0,1
mvc,,9,1,0,1,1,,3,,5,0,,,1,1,1,spring-boot-mvc,0,1,0,1,,3,2,0,1
mvc,1,10,1,2,3,1,,6,,15,1,,,2,1,1,spring-boot-mvc-architecture,1,1,0,1,1,3,2,0,1
mvc,6,9,4,6,5,3,,7,,37,3,,,4,4,1,Spring-Boot-Projects,0,4,0,5,2,9,6,0,5
mvc,1,9,1,2,3,1,,7,,17,1,,,2,1,1,spring-boot-rest-api-mvc-architecture,1,1,0,1,1,3,2,0,1
mvc,1,8,1,1,2,1,,4,,13,0,,,1,1,1,Spring-Boot-REST-API-with-Database-Integration,0,1,0,1,,4,2,0,1
mvc,,8,1,1,1,1,,9,,8,0,,,1,1,1,spring-boot-restful-api-app,0,1,1,1,,3,2,0,
mvc,,10,,0,1,1,,1,,8,0,,,2,2,1,Spring-boot-restFulAPI-Employee-FULL-CRUD-,1,1,0,1,,4,2,0,1
mvc,1,10,1,1,1,1,,1,,7,0,,,2,2,1,Spring-boot-spring-mvc-crud,0,1,0,1,,3,2,0,1
mvc,4,8,4,4,3,1,,24,,18,0,,,8,17,1,spring-boot-tutorial,4,4,38,3,,3,2,0,3
mvc,,8,2,0,1,1,,1,,9,0,,,2,3,1,Spring-boot-user,1,1,0,1,,4,1,0,1
mvc,,8,2,0,1,1,,1,,8,0,,,2,3,1,spring-boot-user-demo,1,1,0,1,,3,1,0,1
mvc,,8,2,0,0,1,,0,,7,0,,,2,3,1,spring-boot-user-demo-project,1,1,0,,,2,1,0,
mvc,1,9,,0,1,1,1,1,,6,0,,,0,,1,Spring-Boot-Web,0,0,0,1,,3,2,0,1
mvc,1,8,1,1,4,1,,11,,8,0,,,2,1,1,Spring-Boot-Web-App,1,1,0,3,,3,2,0,3
mvc,7,7,3,1,3,1,5,6,1,20,1,,,4,3,1,spring-boot-web-mvc-db,0,0,0,4,1,4,2,1,3
mvc,,8,1,1,1,1,,2,,8,0,,,4,2,1,Spring-Boot-Web-Project,1,1,0,1,,3,2,1,1
mvc,1,8,1,1,3,1,,6,,19,1,,,1,1,1,spring-department-api,0,1,0,1,1,3,2,0,1
mvc,,7,,0,0,0,,0,,7,1,,,1,,,Spring-Framework-Projects,0,0,0,,1,0,,1,
mvc,1,7,,1,1,1,,2,,8,0,,,1,2,1,Spring-Human-Resources,0,1,0,1,,3,2,0,
mvc,,8,,3,1,1,,3,,6,0,,,1,,1,spring-mongoAtlas,0,1,0,1,,3,2,0,1
mvc,4,7,4,5,4,1,,4,,18,0,,,8,4,1,spring-mvc-demo-stillwater,4,4,0,4,,3,2,0,4
mvc,3,11,1,3,3,1,,6,,15,0,,,9,2,1,Spring-Practice-MVC,3,1,18,3,,4,2,2,3
mvc,,7,,0,3,1,,5,2,13,0,,,3,,1,spring-shop-product-system,0,0,0,5,,5,1,0,3
mvc,,7,,0,1,1,,10,,6,0,,,0,,1,Spring-Training,0,0,0,2,,3,2,0,1
mvc,,7,,0,3,1,,9,,6,0,,,3,,1,Spring-Web-MVC---2-,0,0,0,3,,5,2,0,3
mvc,12,10,13,0,23,13,,53,28,131,0,,,56,32,1,spring1-basics-DI-mvc,6,13,0,22,,39,26,14,22
mvc,,9,1,0,2,0,,9,,20,5,,,3,1,,spring6,1,2,0,1,5,0,1,2,1
mvc,6,11,23,8,10,1,3,31,23,79,3,,,13,29,1,SpringAngularApp,3,4,11,4,8,3,1,6,4
mvc,3,9,3,9,3,1,,27,,14,0,,,6,3,1,Springboot,3,3,0,3,,3,2,0,3
mvc,,8,3,0,2,1,,13,2,21,0,,,6,6,1,SpringBoot-Application,3,2,18,3,,6,21,1,3
mvc,,15,5,10,5,1,,37,,33,0,,,5,10,1,SpringBoot-Blog-App-Api,0,5,34,4,,3,2,0,4
mvc,1,7,1,1,1,1,,3,,7,0,,,3,2,1,SpringBoot-CRUD-MVC,1,1,4,1,,3,2,0,1
mvc,,7,,0,0,1,,0,,2,0,,,0,,1,springboot-crud-mysql-app,0,0,0,,,3,2,0,
mvc,,9,1,2,1,1,,3,,6,0,,,2,1,1,Springboot-crud-REST-api,1,1,0,1,,3,2,0,1
mvc,5,9,4,5,5,1,,34,,31,1,,,4,5,1,springboot-ecomerce-api,0,4,0,6,1,4,2,0,4
mvc,1,7,,1,1,1,,4,,7,0,,,2,2,1,SpringBoot-Empleados,0,1,0,1,,5,2,0,
mvc,3,12,5,3,3,6,,11,,40,3,,,6,40,1,springboot-micro-services-project,2,4,0,3,5,17,11,0,3
mvc,,9,10,8,4,5,,7,,35,0,,,4,35,1,Springboot-Microservices-Quiz-App,0,4,0,4,,15,10,0,4
mvc,1,7,1,2,1,1,,6,,13,1,,,6,2,1,SpringBoot-Miniproject,0,1,6,1,1,5,2,1,1
mvc,5,8,5,12,3,1,3,5,,25,0,,,8,7,1,springboot-movies-app,2,2,2,6,,20,2,1,6
mvc,1,8,1,2,3,1,,6,,15,1,,,2,1,1,SpringBoot-MVC,1,1,0,1,1,3,2,0,1
mvc,,8,1,2,2,1,,14,,7,0,,,2,1,1,SpringBoot-MVC-Ecommerce-site-,1,1,0,2,,3,2,0,2
mvc,1,8,1,1,1,1,,3,,8,0,,,3,2,1,SpringBoot-MVC-Employee-Management-System,1,1,6,1,,3,2,0,1
mvc,1,8,1,1,1,1,,3,,8,0,,,3,2,1,SpringBoot-MVC-Student-Management-System,1,1,6,1,,3,2,0,1
mvc,1,9,1,2,2,1,,6,,13,1,,,2,1,1,SpringBoot-MVC-Week2,1,1,0,1,1,3,2,0,1
mvc,,10,,0,4,2,,9,,12,0,,,5,,1,Springboot-MVC-with-Form-Validation,0,0,0,4,,6,4,0,4
mvc,6,9,6,8,7,1,,22,,47,2,,,9,13,1,SpringBoot-Quiz-Backend,0,7,0,6,2,3,2,2,6
mvc,1,9,1,1,1,1,,9,,11,2,,,1,2,1,springboot-rest-mvc-Swagger,0,1,3,1,2,2,1,0,1
mvc,,7,2,0,0,1,,0,,7,0,,,2,3,,Springboot-user-demo,1,1,0,,,2,1,0,
mvc,,8,,0,3,1,,6,,6,0,,,1,,1,springboot-user-management-api,0,0,0,3,,3,2,0,3
mvc,,8,1,0,1,1,,5,,8,0,,,3,1,,springbootbegin,2,1,0,1,,2,,1,1
mvc,,8,3,0,1,1,,1,,10,2,,,3,3,1,springbootcrash,2,1,0,1,,5,2,0,1
mvc,1,8,1,2,1,1,,1,,6,0,,,2,1,1,SpringBootCRUD,1,1,0,1,,3,2,0,1
mvc,1,8,1,2,2,1,,3,,7,1,,,2,1,1,SpringBootIntro,1,2,1,1,1,5,2,1,1
mvc,1,8,1,1,2,1,,12,,9,0,,,3,1,1,SpringBootMVC,1,1,8,2,,5,2,0,1
mvc,1,9,2,3,2,1,,5,,10,0,,,2,10,1,SpringBootReactor-MongoDB-EmailService-CRUD,0,2,0,2,,3,2,0,2
mvc,2,9,2,2,4,1,,7,,25,1,,,4,2,1,SpringBootW2_2.4-2.10,2,2,0,2,1,3,2,0,2
mvc,,8,,0,1,1,,2,,3,0,,,1,,1,springBootWebApp,0,0,0,1,,3,2,0,1
mvc,,8,,0,1,1,,4,,4,0,,,1,,1,SpringBoot_MVC,0,0,0,1,,3,2,0,1
mvc,1,7,1,2,1,1,,2,,8,0,,,3,8,1,SpringBoot_MVC_with_Email_Service,0,2,4,1,,3,2,0,1
mvc,1,8,1,2,1,1,,2,,7,1,,,3,1,1,Springboot_Rest_API,1,1,0,1,1,4,2,0,1
mvc,,8,,0,1,1,,3,,4,0,,,1,,1,Springboot_Weather_App-ication,0,0,0,1,,3,2,0,1
mvc,,8,,0,2,1,,5,,4,0,,,2,,1,SpringCookie,0,0,0,2,,3,2,0,2
mvc,1,8,1,0,1,1,1,3,,9,0,,,1,1,1,SpringGrades,0,0,0,1,,3,2,0,1
mvc,1,7,1,2,1,1,,3,,12,0,,,4,2,1,SpringMVC-Architecture,0,1,4,1,,3,2,2,1
mvc,,8,1,0,1,1,,1,,9,0,,,0,2,1,SpringMVC-SpringBootCertification,0,0,0,2,,6,2,0,2
mvc,1,9,2,2,3,1,,5,,14,1,,,6,2,1,SpringMVCParadise,0,2,8,3,1,4,2,1,3
mvc,2,12,1,2,1,1,,1,,7,0,,,2,1,1,Spring_Boot_CourseRegister,1,1,0,1,,2,1,0,1
mvc,1,8,,0,1,1,1,10,,8,0,,,1,,1,Spring_boot_MVC_Architecture,1,0,0,1,,5,2,0,1
mvc,1,9,1,2,3,1,,6,,15,1,,,2,1,1,Spring_Boot_Web,1,1,0,1,1,4,2,0,1
mvc,1,8,1,1,1,1,,3,,7,0,,,3,2,1,sring-boot-thymeleaf,1,1,0,1,,3,2,0,1
mvc,1,8,1,1,3,1,,6,,20,0,,,2,2,1,Standard_project_2,1,1,0,1,,3,2,0,1
mvc,11,9,11,17,9,1,,24,,81,1,,,31,21,1,stayease-hotel-booking,11,11,0,8,1,4,2,2,8
mvc,1,11,7,2,2,3,,7,,15,1,,,0,15,1,StockPriceViewerApplication,0,0,1,,1,9,15,0,
mvc,1,7,1,1,2,1,,5,,10,1,,,4,2,1,Student-Management,1,1,0,3,1,4,2,0,3
mvc,1,8,1,1,1,1,,1,,7,0,,,2,2,1,Student-Management-App,0,1,0,1,,3,2,0,1
mvc,1,9,1,1,1,0,,1,,4,0,,,1,1,1,Student-Management-System,0,1,0,1,,0,,0,1
mvc,1,8,,1,1,1,,2,,4,0,,,1,,1,StudentData,0,0,2,1,,2,,0,1
mvc,1,8,1,1,3,1,,15,,13,1,,,2,2,1,StudentManagement,0,1,0,2,1,3,2,0,2
mvc,1,9,1,1,1,1,,1,,5,0,,,1,1,1,StudentManagementSystem,0,1,0,1,,2,1,0,1
mvc,1,9,1,1,1,1,,10,,6,0,,,2,1,1,Student_Management_SpringBoot,1,1,0,1,,3,2,0,1
mvc,2,8,1,2,4,1,,11,,13,0,,,8,1,1,Task-Manager,2,1,0,4,,5,2,1,4
mvc,3,9,4,3,6,1,,11,,44,1,,,13,7,1,Taskarium,3,4,0,6,1,3,2,1,6
mvc,1,8,2,1,1,1,,11,,26,1,,,3,2,1,TaskZen-Backend,1,2,150,2,1,4,1,0,2
mvc,,8,,0,3,1,,10,,13,0,,,3,,,TeachMe,0,0,0,6,,2,,0,4
mvc,1,6,3,0,3,1,1,5,,11,0,,,5,3,1,Technical-Blog,0,2,0,3,1,2,1,1,3
mvc,2,6,2,0,3,1,2,6,,15,1,,,8,2,1,TechnicalBlogApplication,2,3,7,3,1,2,15,0,3
mvc,2,6,2,0,3,1,2,6,,13,1,,,7,2,,technical_blog_app,2,2,7,3,1,2,1,1,3
mvc,6,7,7,6,8,1,,25,,34,0,,,25,7,1,The-43rd-Street,6,7,34,8,,3,2,4,8
mvc,1,9,1,1,2,1,,10,,14,0,,,1,2,1,TicketBookingApplication,0,1,0,3,,3,14,0,2
mvc,5,8,9,7,7,1,,18,,32,2,,,16,9,1,TinyHouse,5,9,0,7,2,3,2,2,7
mvc,1,9,1,3,1,1,,1,,11,0,,,2,3,1,todo-app-spring-boot-rest-api-with-thymleaf-front-end-monolithic-architecture-beginner-level-mvc-app,1,1,0,2,,3,2,0,1
mvc,1,8,1,1,1,1,,1,,6,0,,,2,1,1,Todo-List,0,1,0,1,,3,2,0,1
mvc,3,10,1,3,1,1,,10,,16,1,,,2,3,1,todo-management,0,2,0,1,1,3,2,0,1
mvc,,7,,0,0,1,,0,,2,0,,,0,,1,Todo-Springboot,0,0,0,,,3,2,0,
mvc,,8,2,0,4,1,,16,,12,1,,,6,2,1,ToDo-WebApp,0,2,0,4,,5,2,0,4
mvc,1,8,1,1,3,1,,7,,7,0,,,3,1,1,ToDoList---Java_SpringBoot,1,1,0,2,,3,2,0,2
mvc,1,8,1,1,3,1,,4,,9,1,,,5,1,1,ToDoProject,1,1,0,3,1,3,2,0,3
mvc,2,8,2,2,6,1,,15,,15,1,,,9,2,1,TodoRails,1,2,0,5,1,5,2,0,5
mvc,1,9,1,1,1,1,,1,,6,0,,,2,1,1,Todo_Application,0,1,0,1,,3,6,0,1
mvc,,6,,0,0,0,,0,,1,0,,,0,,1,Todo_App_using-Springboot,0,0,0,,,1,1,0,
mvc,5,9,6,6,5,5,1,25,,39,0,,,4,6,1,track-expenses,1,3,22,5,,20,10,0,5
mvc,6,10,7,12,7,1,,13,,39,2,,,17,7,1,TrainingProject-MVCArchitecturePattern,6,8,11,12,1,3,2,2,7
mvc,5,9,,0,2,1,5,8,,14,0,,,7,,1,TravelBlog,5,0,0,1,,3,1,1,1
mvc,8,7,4,12,6,1,,15,,33,2,,,5,4,1,travelbnb,0,4,0,6,2,3,2,1,6
mvc,3,8,2,3,2,1,,7,,14,0,,,5,4,1,trello-clone,0,2,6,2,,3,2,0,2
mvc,3,8,2,3,2,1,,7,,14,0,,,5,4,1,Trello-Clone-Project,0,2,6,2,,3,2,0,2
mvc,9,9,21,22,13,7,,98,,117,2,,,26,117,1,Trilo-Backend,8,9,0,8,2,21,16,8,8
mvc,2,8,,2,2,1,,2,,8,0,,,4,,1,TutorialCommentMVC,2,0,0,2,,3,2,0,2
mvc,2,7,2,16,1,1,,1,,11,0,,,2,2,1,unittest,0,1,0,2,,8,2,0,2
mvc,,7,,0,0,1,,0,,2,0,,,0,,1,university-attendance-management-system,0,0,0,,,3,2,0,
mvc,5,9,6,5,5,1,,7,,26,0,,,7,26,1,UniversityWebService,1,6,5,5,,3,2,0,5
mvc,1,8,2,3,5,1,,14,,17,1,,,5,2,1,UserManagementSystemUsingRestAPI,1,2,0,2,1,3,2,1,2
mvc,,9,1,0,0,1,,0,,7,0,,,1,1,1,Vaadin_project_version1,0,1,0,,,2,6,0,
mvc,,9,1,0,0,1,,0,,7,0,,,1,1,1,Vaadin_project_version2,0,1,0,,,2,6,0,
mvc,10,9,12,12,9,1,1,37,17,110,1,,,61,22,1,Valley-eCommerce-prototype,9,11,31,9,1,7,1,33,9
mvc,,9,4,20,4,1,,13,,46,1,,,5,8,1,VRL-Shopping,1,4,0,4,1,3,2,0,4
mvc,1,8,3,0,2,1,1,12,1,20,2,,,3,3,1,watchlist,0,2,0,3,2,6,2,0,3
mvc,1,7,1,0,1,1,1,1,,7,0,,,2,1,1,watchList-ThisIsFazal,1,1,0,1,,3,2,0,1
mvc,1,6,2,1,1,1,,9,,10,0,,,3,2,1,WatchVault,1,2,0,1,,2,1,0,1
mvc,5,8,,4,1,1,4,8,,20,0,,,4,,1,web-application-with-Spring-Boot-3,1,0,0,1,,7,20,3,1
mvc,1,7,1,0,1,1,1,9,,9,0,,,2,1,1,whatsapp-backend,1,1,0,1,,3,1,0,1
mvc,1,8,1,1,2,1,,15,,9,0,,,2,1,1,Women-Security-and-Empowerment-Web-Project,0,1,0,2,,3,2,2,2
mvc,2,8,4,2,2,1,,6,,16,0,,,2,4,1,work-parking_reservations,0,2,0,2,,3,2,0,2
mvc,,7,1,0,1,1,,1,,5,0,,,2,1,,Working-with-Spring-boot,1,1,0,1,,2,,0,1
